id,regulated_entity_name,regulated_entity_rn_number,tracking_number,type_of_air_emissions_event,began_date,ended_date,duration
39415,KEYSTONE GAS PLANT,RN100238633,118977,EMISSIONS EVENT,2009-01-15 16:15:00+00:00,2009-01-15 17:00:00+00:00,0.75
39412,KEYSTONE GAS PLANT,RN100238633,118975,EMISSIONS EVENT,2009-01-15 16:43:00+00:00,2009-01-15 20:15:00+00:00,3.53333333333333
39409,KEYSTONE GAS PLANT,RN100238633,118973,EMISSIONS EVENT,2009-01-15 17:20:00+00:00,2009-01-15 20:57:00+00:00,3.61666666666667
39915,KEYSTONE GAS PLANT,RN100238633,119457,EMISSIONS EVENT,2009-01-28 16:43:00+00:00,2009-01-29 04:40:00+00:00,11.95
40028,KEYSTONE GAS PLANT,RN100238633,119559,EMISSIONS EVENT,2009-01-30 08:50:00+00:00,2009-01-30 13:00:00+00:00,4.16666666666667
43830,KEYSTONE GAS PLANT,RN100238633,123630,MAINTENANCE,2009-05-11 12:00:00+00:00,2009-05-13 20:00:00+00:00,56.0
45107,KEYSTONE GAS PLANT,RN100238633,124913,EMISSIONS EVENT,2009-06-01 06:40:00+00:00,2009-06-01 14:48:00+00:00,8.13333333333333
45646,KEYSTONE GAS PLANT,RN100238633,125533,EMISSIONS EVENT,2009-06-15 04:00:00+00:00,2009-06-15 04:25:00+00:00,0.416666666666667
45670,KEYSTONE GAS PLANT,RN100238633,125555,EMISSIONS EVENT,2009-06-15 17:44:00+00:00,2009-06-15 18:54:00+00:00,1.16666666666667
39634,KEYSTONE GAS PLANT,RN100238633,126946,EMISSIONS EVENT,2009-07-17 22:00:00+00:00,2009-07-20 06:00:00+00:00,56.0
39659,KEYSTONE GAS PLANT,RN100238633,126963,EMISSIONS EVENT,2009-07-18 02:00:00+00:00,2009-07-18 11:00:00+00:00,9.0
40159,KEYSTONE GAS PLANT,RN100238633,127480,MAINTENANCE,2009-07-31 20:00:00+00:00,2009-08-03 20:00:00+00:00,72.0
40481,KEYSTONE GAS PLANT,RN100238633,127706,EMISSIONS EVENT,2009-08-02 05:00:00+00:00,2009-08-05 04:00:00+00:00,71.0
40406,KEYSTONE GAS PLANT,RN100238633,127643,EMISSIONS EVENT,2009-08-03 20:00:00+00:00,2009-08-04 20:00:00+00:00,24.0
40732,KEYSTONE GAS PLANT,RN100238633,127925,EMISSIONS EVENT,2009-08-09 00:30:00+00:00,2009-08-09 05:10:00+00:00,4.66666666666667
40729,KEYSTONE GAS PLANT,RN100238633,127924,EMISSIONS EVENT,2009-08-09 21:30:00+00:00,2009-08-10 07:00:00+00:00,9.5
40814,KEYSTONE GAS PLANT,RN100238633,128020,EMISSIONS EVENT,2009-08-11 18:00:00+00:00,2009-08-11 23:40:00+00:00,5.66666666666667
40886,KEYSTONE GAS PLANT,RN100238633,128106,MAINTENANCE,2009-08-14 17:00:00+00:00,2009-08-14 17:20:00+00:00,0.333333333333333
41006,KEYSTONE GAS PLANT,RN100238633,128181,EMISSIONS EVENT,2009-08-15 20:50:00+00:00,2009-08-16 00:15:00+00:00,3.41666666666667
41426,KEYSTONE GAS PLANT,RN100238633,128589,MAINTENANCE,2009-08-26 14:28:00+00:00,2009-08-26 18:05:00+00:00,3.61666666666667
41733,KEYSTONE GAS PLANT,RN100238633,128888,EMISSIONS EVENT,2009-09-01 08:30:00+00:00,2009-09-01 17:05:00+00:00,8.58333333333333
41795,KEYSTONE GAS PLANT,RN100238633,128949,EMISSIONS EVENT,2009-09-02 18:31:00+00:00,2009-09-02 18:58:00+00:00,0.45
42109,KEYSTONE GAS PLANT,RN100238633,129218,EMISSIONS EVENT,2009-09-09 16:24:00+00:00,2009-09-11 03:00:00+00:00,34.6
42896,KEYSTONE GAS PLANT,RN100238633,129529,MAINTENANCE,2009-09-17 12:00:00+00:00,2009-09-17 15:00:00+00:00,3.0
42898,KEYSTONE GAS PLANT,RN100238633,129531,MAINTENANCE,2009-09-17 13:35:00+00:00,2009-09-17 14:45:00+00:00,1.16666666666667
43164,KEYSTONE GAS PLANT,RN100238633,129785,EMISSIONS EVENT,2009-09-22 20:04:00+00:00,2009-09-22 21:15:00+00:00,1.18333333333333
43848,KEYSTONE GAS PLANT,RN100238633,130457,EMISSIONS EVENT,2009-10-07 01:20:00+00:00,2009-10-08 23:00:00+00:00,45.6666666666667
44597,KEYSTONE GAS PLANT,RN100238633,131195,EMISSIONS EVENT,2009-10-26 12:00:00+00:00,2009-10-27 12:00:00+00:00,24.0
44821,KEYSTONE GAS PLANT,RN100238633,131386,EMISSIONS EVENT,2009-10-31 17:40:00+00:00,2009-10-31 23:35:00+00:00,5.91666666666667
45515,KEYSTONE GAS PLANT,RN100238633,132122,MAINTENANCE,2009-11-28 23:00:00+00:00,2009-12-09 06:10:00+00:00,247.166666666667
46263,KEYSTONE GAS PLANT,RN100238633,132986,EMISSIONS EVENT,2009-12-09 06:00:00+00:00,2009-12-15 14:30:00+00:00,152.5
46644,KEYSTONE GAS PLANT,RN100238633,133643,EMISSIONS EVENT,2009-12-23 15:35:00+00:00,2009-12-23 16:20:00+00:00,0.75
31474,KEYSTONE GAS PLANT,RN100238633,134275,MAINTENANCE,2010-01-18 18:00:00+00:00,2010-01-27 18:00:00+00:00,216.0
32419,KEYSTONE GAS PLANT,RN100238633,135197,EMISSIONS EVENT,2010-01-31 05:30:00+00:00,2010-02-01 05:30:00+00:00,24.0
33359,KEYSTONE GAS PLANT,RN100238633,136105,EMISSIONS EVENT,2010-02-19 14:00:00+00:00,2010-02-20 03:35:00+00:00,13.5833333333333
34156,KEYSTONE GAS PLANT,RN100238633,136958,EMISSIONS EVENT,2010-03-11 07:16:00+00:00,2010-03-11 13:05:00+00:00,5.81666666666667
34181,KEYSTONE GAS PLANT,RN100238633,136997,MAINTENANCE,2010-03-16 03:00:00+00:00,2010-03-19 21:30:00+00:00,90.5
34839,KEYSTONE GAS PLANT,RN100238633,137674,EMISSIONS EVENT,2010-03-29 16:30:00+00:00,2010-03-30 05:00:00+00:00,12.5
35346,KEYSTONE GAS PLANT,RN100238633,138182,EMISSIONS EVENT,2010-04-09 14:00:00+00:00,2010-04-09 19:20:00+00:00,5.33333333333333
35348,KEYSTONE GAS PLANT,RN100238633,138183,EMISSIONS EVENT,2010-04-09 18:30:00+00:00,2010-04-10 01:30:00+00:00,7.0
35946,KEYSTONE GAS PLANT,RN100238633,138736,EMISSIONS EVENT,2010-04-21 18:45:00+00:00,2010-04-21 23:34:00+00:00,4.81666666666667
35980,KEYSTONE GAS PLANT,RN100238633,138774,EMISSIONS EVENT,2010-04-22 13:23:00+00:00,2010-04-22 20:28:00+00:00,7.08333333333333
36037,KEYSTONE GAS PLANT,RN100238633,138835,EMISSIONS EVENT,2010-04-23 01:43:00+00:00,2010-05-07 10:50:00+00:00,345.116666666667
36156,KEYSTONE GAS PLANT,RN100238633,138932,EMISSIONS EVENT,2010-04-26 15:40:00+00:00,2010-04-27 05:30:00+00:00,13.8333333333333
36228,KEYSTONE GAS PLANT,RN100238633,139046,EMISSIONS EVENT,2010-04-28 18:25:00+00:00,2010-04-28 22:00:00+00:00,3.58333333333333
36868,KEYSTONE GAS PLANT,RN100238633,139773,EMISSIONS EVENT,2010-05-15 09:25:00+00:00,2010-05-15 23:33:00+00:00,14.1333333333333
37426,KEYSTONE GAS PLANT,RN100238633,140341,EMISSIONS EVENT,2010-05-29 14:39:00+00:00,2010-05-30 01:24:00+00:00,10.75
37552,KEYSTONE GAS PLANT,RN100238633,140436,EMISSIONS EVENT,2010-06-02 01:40:00+00:00,2010-06-02 03:55:00+00:00,2.25
37888,KEYSTONE GAS PLANT,RN100238633,140748,EMISSIONS EVENT,2010-06-07 17:25:00+00:00,2010-06-08 07:26:00+00:00,14.0166666666667
38473,KEYSTONE GAS PLANT,RN100238633,141250,EMISSIONS EVENT,2010-06-16 01:45:00+00:00,2010-06-16 05:30:00+00:00,3.75
38519,KEYSTONE GAS PLANT,RN100238633,141298,EMISSIONS EVENT,2010-06-17 03:30:00+00:00,2010-06-17 06:55:00+00:00,3.41666666666667
31041,KEYSTONE GAS PLANT,RN100238633,141456,EMISSIONS EVENT,2010-06-22 15:30:00+00:00,2010-06-23 03:20:00+00:00,11.8333333333333
31526,KEYSTONE GAS PLANT,RN100238633,141907,EMISSIONS EVENT,2010-07-03 14:11:00+00:00,2010-07-03 16:55:00+00:00,2.73333333333333
32167,KEYSTONE GAS PLANT,RN100238633,142561,EMISSIONS EVENT,2010-07-19 22:45:00+00:00,2010-07-20 04:10:00+00:00,5.41666666666667
32977,KEYSTONE GAS PLANT,RN100238633,143332,EMISSIONS EVENT,2010-08-09 03:52:00+00:00,2010-08-09 16:58:00+00:00,13.1
33176,KEYSTONE GAS PLANT,RN100238633,143517,EMISSIONS EVENT,2010-08-12 23:25:00+00:00,2010-08-13 16:40:00+00:00,17.25
33954,KEYSTONE GAS PLANT,RN100238633,144330,EMISSIONS EVENT,2010-09-01 16:35:00+00:00,2010-09-01 23:17:00+00:00,6.7
33955,KEYSTONE GAS PLANT,RN100238633,144331,EMISSIONS EVENT,2010-09-01 19:17:00+00:00,2010-09-01 20:30:00+00:00,1.21666666666667
34525,KEYSTONE GAS PLANT,RN100238633,144919,EMISSIONS EVENT,2010-09-15 22:12:00+00:00,2010-09-16 05:26:00+00:00,7.23333333333333
34562,KEYSTONE GAS PLANT,RN100238633,144946,EMISSIONS EVENT,2010-09-17 00:17:00+00:00,2010-09-17 03:46:00+00:00,3.48333333333333
35187,KEYSTONE GAS PLANT,RN100238633,145599,EMISSIONS EVENT,2010-10-01 17:15:00+00:00,2010-10-03 21:40:00+00:00,52.4166666666667
35876,KEYSTONE GAS PLANT,RN100238633,146327,EMISSIONS EVENT,2010-10-19 23:35:00+00:00,2010-10-20 03:30:00+00:00,3.91666666666667
36962,KEYSTONE GAS PLANT,RN100238633,147335,EMISSIONS EVENT,2010-11-12 13:36:00+00:00,2010-11-12 18:20:00+00:00,4.73333333333333
37010,KEYSTONE GAS PLANT,RN100238633,147362,EMISSIONS EVENT,2010-11-13 13:40:00+00:00,2010-11-13 17:25:00+00:00,3.75
37554,KEYSTONE GAS PLANT,RN100238633,147886,EMISSIONS EVENT,2010-11-29 16:40:00+00:00,2010-11-29 18:55:00+00:00,2.25
37910,KEYSTONE GAS PLANT,RN100238633,148231,EMISSIONS EVENT,2010-12-07 22:30:00+00:00,2010-12-09 21:55:00+00:00,47.4166666666667
38212,KEYSTONE GAS PLANT,RN100238633,148466,EMISSIONS EVENT,2010-12-14 16:04:00+00:00,2010-12-14 19:09:00+00:00,3.08333333333333
23590,KEYSTONE GAS PLANT,RN100238633,149128,EMISSIONS EVENT,2011-01-05 18:35:00+00:00,2011-01-06 16:25:00+00:00,21.8333333333333
23615,KEYSTONE GAS PLANT,RN100238633,149166,EMISSIONS EVENT,2011-01-06 13:28:00+00:00,2011-01-06 21:00:00+00:00,7.53333333333333
23888,KEYSTONE GAS PLANT,RN100238633,149438,EMISSIONS EVENT,2011-01-13 17:38:00+00:00,2011-01-13 20:21:00+00:00,2.71666666666667
24247,KEYSTONE GAS PLANT,RN100238633,149821,EMISSIONS EVENT,2011-01-24 21:10:00+00:00,2011-02-01 19:10:00+00:00,190.0
24832,KEYSTONE GAS PLANT,RN100238633,150286,EMISSIONS EVENT,2011-02-02 13:00:00+00:00,2011-03-06 13:40:00+00:00,768.666666666667
25291,KEYSTONE GAS PLANT,RN100238633,150661,EMISSIONS EVENT,2011-02-12 09:38:00+00:00,2011-02-12 22:08:00+00:00,12.5
25607,KEYSTONE GAS PLANT,RN100238633,150985,EMISSIONS EVENT,2011-02-18 16:36:00+00:00,2011-02-18 23:04:00+00:00,6.46666666666667
26588,KEYSTONE GAS PLANT,RN100238633,151275,EMISSIONS EVENT,2011-02-25 10:15:00+00:00,2011-02-25 21:20:00+00:00,11.0833333333333
26580,KEYSTONE GAS PLANT,RN100238633,151271,EMISSIONS EVENT,2011-02-25 18:57:00+00:00,2011-02-25 22:04:00+00:00,3.11666666666667
26893,KEYSTONE GAS PLANT,RN100238633,151645,EMISSIONS EVENT,2011-03-07 08:00:00+00:00,2011-03-08 02:36:00+00:00,18.6
27022,KEYSTONE GAS PLANT,RN100238633,151904,EMISSIONS EVENT,2011-03-13 03:30:00+00:00,2011-03-26 19:00:00+00:00,327.5
27332,KEYSTONE GAS PLANT,RN100238633,152226,EMISSIONS EVENT,2011-03-20 19:00:00+00:00,2011-03-21 00:30:00+00:00,5.5
27434,KEYSTONE GAS PLANT,RN100238633,152333,EMISSIONS EVENT,2011-03-22 17:30:00+00:00,2011-03-23 00:00:00+00:00,6.5
27806,KEYSTONE GAS PLANT,RN100238633,152719,EMISSIONS EVENT,2011-03-30 18:16:00+00:00,2011-04-01 12:00:00+00:00,41.7333333333333
27781,KEYSTONE GAS PLANT,RN100238633,152686,EMISSIONS EVENT,2011-03-30 18:22:00+00:00,2011-04-10 17:18:00+00:00,262.933333333333
27860,KEYSTONE GAS PLANT,RN100238633,152767,EMISSIONS EVENT,2011-04-01 12:00:00+00:00,2011-04-02 12:00:00+00:00,24.0
27869,KEYSTONE GAS PLANT,RN100238633,152774,EMISSIONS EVENT,2011-04-02 19:45:00+00:00,2011-04-03 03:50:00+00:00,8.08333333333333
28308,KEYSTONE GAS PLANT,RN100238633,153119,EMISSIONS EVENT,2011-04-08 04:00:00+00:00,2011-04-08 18:55:00+00:00,14.9166666666667
28444,KEYSTONE GAS PLANT,RN100238633,153252,EMISSIONS EVENT,2011-04-12 15:30:00+00:00,2011-04-12 22:00:00+00:00,6.5
28631,KEYSTONE GAS PLANT,RN100238633,153419,EMISSIONS EVENT,2011-04-18 05:55:00+00:00,2011-04-18 23:45:00+00:00,17.8333333333333
29050,KEYSTONE GAS PLANT,RN100238633,153582,EMISSIONS EVENT,2011-04-20 18:10:00+00:00,2011-04-20 22:30:00+00:00,4.33333333333333
29113,KEYSTONE GAS PLANT,RN100238633,153646,EMISSIONS EVENT,2011-04-21 21:12:00+00:00,2011-04-22 21:12:00+00:00,24.0
29147,KEYSTONE GAS PLANT,RN100238633,153663,EMISSIONS EVENT,2011-04-23 23:10:00+00:00,2011-04-24 07:20:00+00:00,8.16666666666667
29241,KEYSTONE GAS PLANT,RN100238633,153731,EMISSIONS EVENT,2011-04-25 16:27:00+00:00,2011-04-26 18:12:00+00:00,25.75
29473,KEYSTONE GAS PLANT,RN100238633,153893,EMISSIONS EVENT,2011-04-28 16:17:00+00:00,2011-04-28 21:40:00+00:00,5.38333333333333
29556,KEYSTONE GAS PLANT,RN100238633,153959,EMISSIONS EVENT,2011-04-29 15:00:00+00:00,2011-04-30 02:00:00+00:00,11.0
29571,KEYSTONE GAS PLANT,RN100238633,153966,EMISSIONS EVENT,2011-04-30 15:35:00+00:00,2011-05-01 01:00:00+00:00,9.41666666666667
29673,KEYSTONE GAS PLANT,RN100238633,154045,EMISSIONS EVENT,2011-05-02 09:09:00+00:00,2011-05-02 16:20:00+00:00,7.18333333333333
29760,KEYSTONE GAS PLANT,RN100238633,154122,EMISSIONS EVENT,2011-05-03 16:30:00+00:00,2011-05-04 00:20:00+00:00,7.83333333333333
29801,KEYSTONE GAS PLANT,RN100238633,154158,EMISSIONS EVENT,2011-05-04 16:14:00+00:00,2011-05-05 10:34:00+00:00,18.3333333333333
29986,KEYSTONE GAS PLANT,RN100238633,154311,EMISSIONS EVENT,2011-05-09 17:53:00+00:00,2011-05-12 00:00:00+00:00,54.1166666666667
30014,KEYSTONE GAS PLANT,RN100238633,154347,EMISSIONS EVENT,2011-05-10 09:50:00+00:00,2011-06-24 16:30:00+00:00,1086.66666666667
30121,KEYSTONE GAS PLANT,RN100238633,154480,EMISSIONS EVENT,2011-05-13 18:36:00+00:00,2011-05-13 20:40:00+00:00,2.06666666666667
30128,KEYSTONE GAS PLANT,RN100238633,154487,EMISSIONS EVENT,2011-05-15 00:17:00+00:00,2011-05-16 11:41:00+00:00,35.4
30196,KEYSTONE GAS PLANT,RN100238633,154635,EMISSIONS EVENT,2011-05-18 21:45:00+00:00,2011-05-19 05:40:00+00:00,7.91666666666667
30228,KEYSTONE GAS PLANT,RN100238633,154694,EMISSIONS EVENT,2011-05-19 14:39:00+00:00,2011-05-19 17:15:00+00:00,2.6
30240,KEYSTONE GAS PLANT,RN100238633,154719,EMISSIONS EVENT,2011-05-20 17:30:00+00:00,2011-05-21 05:00:00+00:00,11.5
30316,KEYSTONE GAS PLANT,RN100238633,154845,EMISSIONS EVENT,2011-05-23 16:00:00+00:00,2011-05-25 06:22:00+00:00,38.3666666666667
30379,KEYSTONE GAS PLANT,RN100238633,154975,EMISSIONS EVENT,2011-05-25 22:25:00+00:00,2011-05-26 22:25:00+00:00,24.0
30461,KEYSTONE GAS PLANT,RN100238633,155107,EMISSIONS EVENT,2011-05-31 01:25:00+00:00,2011-05-31 04:07:00+00:00,2.7
30495,KEYSTONE GAS PLANT,RN100238633,155199,EMISSIONS EVENT,2011-06-01 22:00:00+00:00,2011-06-04 23:38:00+00:00,73.6333333333333
30588,KEYSTONE GAS PLANT,RN100238633,155365,EMISSIONS EVENT,2011-06-06 20:35:00+00:00,2011-06-08 21:35:00+00:00,49.0
30778,KEYSTONE GAS PLANT,RN100238633,155688,EMISSIONS EVENT,2011-06-14 14:50:00+00:00,2011-06-17 04:20:00+00:00,61.5
30968,KEYSTONE GAS PLANT,RN100238633,156080,EMISSIONS EVENT,2011-06-23 13:15:00+00:00,2011-06-27 23:00:00+00:00,105.75
23450,KEYSTONE GAS PLANT,RN100238633,156126,EMISSIONS EVENT,2011-06-26 11:15:00+00:00,2011-07-03 04:37:00+00:00,161.366666666667
23521,KEYSTONE GAS PLANT,RN100238633,156186,EMISSIONS EVENT,2011-06-28 01:30:00+00:00,2011-06-28 06:15:00+00:00,4.75
23699,KEYSTONE GAS PLANT,RN100238633,156388,EMISSIONS EVENT,2011-07-01 15:00:00+00:00,2011-07-02 01:50:00+00:00,10.8333333333333
23714,KEYSTONE GAS PLANT,RN100238633,156395,EMISSIONS EVENT,2011-07-02 13:30:00+00:00,2011-07-03 01:30:00+00:00,12.0
23736,KEYSTONE GAS PLANT,RN100238633,156404,EMISSIONS EVENT,2011-07-04 14:30:00+00:00,2011-07-04 23:43:00+00:00,9.21666666666667
23936,KEYSTONE GAS PLANT,RN100238633,156619,EMISSIONS EVENT,2011-07-08 16:15:00+00:00,2011-07-08 23:40:00+00:00,7.41666666666667
23939,KEYSTONE GAS PLANT,RN100238633,156621,EMISSIONS EVENT,2011-07-10 03:00:00+00:00,2011-07-10 19:22:00+00:00,16.3666666666667
23989,KEYSTONE GAS PLANT,RN100238633,156670,EMISSIONS EVENT,2011-07-11 14:26:00+00:00,2011-07-11 20:19:00+00:00,5.88333333333333
24028,KEYSTONE GAS PLANT,RN100238633,156718,EMISSIONS EVENT,2011-07-12 15:56:00+00:00,2011-09-09 15:56:00+00:00,1416.0
24166,KEYSTONE GAS PLANT,RN100238633,156875,EMISSIONS EVENT,2011-07-16 23:02:00+00:00,2011-07-17 05:57:00+00:00,6.91666666666667
24337,KEYSTONE GAS PLANT,RN100238633,157067,EMISSIONS EVENT,2011-07-20 13:58:00+00:00,2011-07-21 05:11:00+00:00,15.2166666666667
24380,KEYSTONE GAS PLANT,RN100238633,157129,EMISSIONS EVENT,2011-07-22 14:45:00+00:00,2011-07-25 18:15:00+00:00,75.5
24596,KEYSTONE GAS PLANT,RN100238633,157337,EMISSIONS EVENT,2011-07-27 13:56:00+00:00,2011-07-30 09:25:00+00:00,67.4833333333333
24801,KEYSTONE GAS PLANT,RN100238633,157539,EMISSIONS EVENT,2011-08-01 21:53:00+00:00,2011-08-02 04:09:00+00:00,6.26666666666667
24909,KEYSTONE GAS PLANT,RN100238633,157678,EMISSIONS EVENT,2011-08-04 21:00:00+00:00,2011-08-05 05:40:00+00:00,8.66666666666667
24980,KEYSTONE GAS PLANT,RN100238633,157724,EMISSIONS EVENT,2011-08-06 16:51:00+00:00,2011-08-08 15:59:00+00:00,47.1333333333333
25113,KEYSTONE GAS PLANT,RN100238633,157889,EMISSIONS EVENT,2011-08-10 16:55:00+00:00,2011-08-10 22:53:00+00:00,5.96666666666667
25203,KEYSTONE GAS PLANT,RN100238633,157981,EMISSIONS EVENT,2011-08-13 20:45:00+00:00,2011-08-15 17:29:00+00:00,44.7333333333333
25454,KEYSTONE GAS PLANT,RN100238633,158232,EMISSIONS EVENT,2011-08-19 15:46:00+00:00,2011-08-20 09:34:00+00:00,17.8
25468,KEYSTONE GAS PLANT,RN100238633,158238,EMISSIONS EVENT,2011-08-20 16:50:00+00:00,2011-08-20 23:30:00+00:00,6.66666666666667
25718,KEYSTONE GAS PLANT,RN100238633,158554,EMISSIONS EVENT,2011-08-28 23:46:00+00:00,2011-08-29 12:46:00+00:00,13.0
25785,KEYSTONE GAS PLANT,RN100238633,158717,EMISSIONS EVENT,2011-08-31 00:33:00+00:00,2011-08-31 05:12:00+00:00,4.65
25805,KEYSTONE GAS PLANT,RN100238633,158779,EMISSIONS EVENT,2011-09-02 03:25:00+00:00,2011-09-02 08:05:00+00:00,4.66666666666667
25869,KEYSTONE GAS PLANT,RN100238633,158919,EMISSIONS EVENT,2011-09-07 16:20:00+00:00,2011-09-07 19:00:00+00:00,2.66666666666667
25935,KEYSTONE GAS PLANT,RN100238633,159049,EMISSIONS EVENT,2011-09-10 18:30:00+00:00,2011-09-11 02:15:00+00:00,7.75
25948,KEYSTONE GAS PLANT,RN100238633,159070,EMISSIONS EVENT,2011-09-11 19:30:00+00:00,2011-09-12 00:30:00+00:00,5.0
25983,KEYSTONE GAS PLANT,RN100238633,159169,EMISSIONS EVENT,2011-09-13 12:35:00+00:00,2011-09-14 12:35:00+00:00,24.0
26000,KEYSTONE GAS PLANT,RN100238633,159214,EMISSIONS EVENT,2011-09-14 16:15:00+00:00,2011-09-14 20:15:00+00:00,4.0
26112,KEYSTONE GAS PLANT,RN100238633,159465,EMISSIONS EVENT,2011-09-18 05:00:00+00:00,2011-10-21 05:00:00+00:00,792.0
26107,KEYSTONE GAS PLANT,RN100238633,159444,EMISSIONS EVENT,2011-09-20 13:20:00+00:00,2011-09-20 22:41:00+00:00,9.35
26129,KEYSTONE GAS PLANT,RN100238633,159494,EMISSIONS EVENT,2011-09-21 15:22:00+00:00,2011-09-21 20:32:00+00:00,5.16666666666667
26225,KEYSTONE GAS PLANT,RN100238633,159680,EMISSIONS EVENT,2011-09-26 15:35:00+00:00,2011-09-26 17:35:00+00:00,2.0
26413,KEYSTONE GAS PLANT,RN100238633,159928,EMISSIONS EVENT,2011-10-02 17:25:00+00:00,2011-10-03 05:27:00+00:00,12.0333333333333
27580,KEYSTONE GAS PLANT,RN100238633,160866,EMISSIONS EVENT,2011-10-21 21:00:00+00:00,2011-10-22 18:45:00+00:00,21.75
27603,KEYSTONE GAS PLANT,RN100238633,160876,EMISSIONS EVENT,2011-10-23 16:55:00+00:00,2011-10-24 10:51:00+00:00,17.9333333333333
27905,KEYSTONE GAS PLANT,RN100238633,161142,EMISSIONS EVENT,2011-10-29 13:45:00+00:00,2011-10-30 18:45:00+00:00,29.0
28117,KEYSTONE GAS PLANT,RN100238633,161347,EMISSIONS EVENT,2011-11-03 18:20:00+00:00,2011-11-03 20:45:00+00:00,2.41666666666667
28168,KEYSTONE GAS PLANT,RN100238633,161386,EMISSIONS EVENT,2011-11-05 16:00:00+00:00,2011-11-07 04:00:00+00:00,36.0
28255,KEYSTONE GAS PLANT,RN100238633,161458,EMISSIONS EVENT,2011-11-07 19:15:00+00:00,2011-11-07 22:00:00+00:00,2.75
28611,KEYSTONE GAS PLANT,RN100238633,161775,EMISSIONS EVENT,2011-11-08 14:00:00+00:00,2012-03-28 23:00:00+00:00,3393.0
29115,KEYSTONE GAS PLANT,RN100238633,162420,EMISSIONS EVENT,2011-12-04 02:30:00+00:00,2011-12-05 21:45:00+00:00,43.25
29518,KEYSTONE GAS PLANT,RN100238633,162794,EMISSIONS EVENT,2011-12-13 22:50:00+00:00,2011-12-14 16:40:00+00:00,17.8333333333333
12937,KEYSTONE GAS PLANT,RN100238633,165063,EMISSIONS EVENT,2012-02-20 15:30:00+00:00,2012-02-20 23:09:00+00:00,7.65
13330,KEYSTONE GAS PLANT,RN100238633,165397,EMISSIONS EVENT,2012-02-27 13:20:00+00:00,2012-02-29 02:45:00+00:00,37.4166666666667
13543,KEYSTONE GAS PLANT,RN100238633,165591,EMISSIONS EVENT,2012-03-03 07:00:00+00:00,2012-03-03 16:10:00+00:00,9.16666666666667
13547,KEYSTONE GAS PLANT,RN100238633,165593,EMISSIONS EVENT,2012-03-04 07:10:00+00:00,2012-03-04 19:30:00+00:00,12.3333333333333
13552,KEYSTONE GAS PLANT,RN100238633,165596,EMISSIONS EVENT,2012-03-04 14:16:00+00:00,2012-03-05 09:45:00+00:00,19.4833333333333
14129,KEYSTONE GAS PLANT,RN100238633,166159,EMISSIONS EVENT,2012-03-19 03:30:00+00:00,2012-03-20 15:00:00+00:00,35.5
14712,KEYSTONE GAS PLANT,RN100238633,166690,EMISSIONS EVENT,2012-03-31 01:15:00+00:00,2012-04-03 21:00:00+00:00,91.75
15240,KEYSTONE GAS PLANT,RN100238633,167186,EMISSIONS EVENT,2012-04-14 20:00:00+00:00,2012-04-15 00:30:00+00:00,4.5
15510,KEYSTONE GAS PLANT,RN100238633,167409,EMISSIONS EVENT,2012-04-18 15:45:00+00:00,2012-04-18 22:45:00+00:00,7.0
15578,KEYSTONE GAS PLANT,RN100238633,167463,EMISSIONS EVENT,2012-04-18 22:30:00+00:00,2012-04-18 23:10:00+00:00,0.666666666666667
15683,KEYSTONE GAS PLANT,RN100238633,167539,EMISSIONS EVENT,2012-04-22 01:40:00+00:00,2012-05-10 23:40:00+00:00,454.0
15754,KEYSTONE GAS PLANT,RN100238633,167621,EMISSIONS EVENT,2012-04-22 22:50:00+00:00,2012-04-23 03:50:00+00:00,5.0
16348,KEYSTONE GAS PLANT,RN100238633,168197,EMISSIONS EVENT,2012-05-07 20:25:00+00:00,2012-05-08 00:17:00+00:00,3.86666666666667
16572,KEYSTONE GAS PLANT,RN100238633,168383,EMISSIONS EVENT,2012-05-13 16:00:00+00:00,2012-05-15 21:00:00+00:00,53.0
17511,KEYSTONE GAS PLANT,RN100238633,169197,EMISSIONS EVENT,2012-06-02 18:35:00+00:00,2012-06-03 03:05:00+00:00,8.5
18048,KEYSTONE GAS PLANT,RN100238633,169562,EMISSIONS EVENT,2012-06-11 16:00:00+00:00,2012-06-12 11:00:00+00:00,19.0
18281,KEYSTONE GAS PLANT,RN100238633,169759,EMISSIONS EVENT,2012-06-14 15:36:00+00:00,2012-06-15 03:53:00+00:00,12.2833333333333
18367,KEYSTONE GAS PLANT,RN100238633,169822,EMISSIONS EVENT,2012-06-16 01:45:00+00:00,2012-06-16 08:25:00+00:00,6.66666666666667
18365,KEYSTONE GAS PLANT,RN100238633,169821,EMISSIONS EVENT,2012-06-16 02:50:00+00:00,2012-06-16 12:00:00+00:00,9.16666666666667
18386,KEYSTONE GAS PLANT,RN100238633,169832,EMISSIONS EVENT,2012-06-16 22:50:00+00:00,2012-06-17 22:00:00+00:00,23.1666666666667
18529,KEYSTONE GAS PLANT,RN100238633,169931,EMISSIONS EVENT,2012-06-19 01:50:00+00:00,2012-06-19 11:05:00+00:00,9.25
18629,KEYSTONE GAS PLANT,RN100238633,170009,EMISSIONS EVENT,2012-06-20 07:30:00+00:00,2012-06-20 15:12:00+00:00,7.7
18666,KEYSTONE GAS PLANT,RN100238633,170031,EMISSIONS EVENT,2012-06-20 17:35:00+00:00,2012-06-20 19:45:00+00:00,2.16666666666667
18844,KEYSTONE GAS PLANT,RN100238633,170174,EMISSIONS EVENT,2012-06-24 05:30:00+00:00,2012-06-24 18:50:00+00:00,13.3333333333333
19076,KEYSTONE GAS PLANT,RN100238633,170352,EMISSIONS EVENT,2012-06-26 15:50:00+00:00,2012-06-28 21:30:00+00:00,53.6666666666667
19430,KEYSTONE GAS PLANT,RN100238633,170616,EMISSIONS EVENT,2012-07-02 06:30:00+00:00,2012-07-03 12:30:00+00:00,30.0
19446,KEYSTONE GAS PLANT,RN100238633,170646,EMISSIONS EVENT,2012-07-03 13:06:00+00:00,2012-07-03 19:37:00+00:00,6.51666666666667
19648,KEYSTONE GAS PLANT,RN100238633,171031,EMISSIONS EVENT,2012-07-15 04:00:00+00:00,2012-07-15 07:20:00+00:00,3.33333333333333
19706,KEYSTONE GAS PLANT,RN100238633,171135,EMISSIONS EVENT,2012-07-17 14:20:00+00:00,2012-07-17 21:30:00+00:00,7.16666666666667
19802,KEYSTONE GAS PLANT,RN100238633,171280,EMISSIONS EVENT,2012-07-19 19:30:00+00:00,2012-07-20 00:40:00+00:00,5.16666666666667
19831,KEYSTONE GAS PLANT,RN100238633,171323,EMISSIONS EVENT,2012-07-20 16:30:00+00:00,2012-07-20 21:35:00+00:00,5.08333333333333
19842,KEYSTONE GAS PLANT,RN100238633,171335,EMISSIONS EVENT,2012-07-21 17:27:00+00:00,2012-07-22 03:55:00+00:00,10.4666666666667
19961,KEYSTONE GAS PLANT,RN100238633,171535,EMISSIONS EVENT,2012-07-26 00:30:00+00:00,2012-07-26 07:00:00+00:00,6.5
20208,KEYSTONE GAS PLANT,RN100238633,172069,EMISSIONS EVENT,2012-07-26 22:50:00+00:00,2012-07-27 22:50:00+00:00,24.0
20207,KEYSTONE GAS PLANT,RN100238633,172067,EMISSIONS EVENT,2012-07-28 17:53:00+00:00,2012-07-28 22:56:00+00:00,5.05
19991,KEYSTONE GAS PLANT,RN100238633,171590,EMISSIONS EVENT,2012-07-29 15:10:00+00:00,2012-07-30 03:22:00+00:00,12.2
20051,KEYSTONE GAS PLANT,RN100238633,171711,EMISSIONS EVENT,2012-07-31 08:10:00+00:00,2012-07-31 12:22:00+00:00,4.2
20125,KEYSTONE GAS PLANT,RN100238633,171911,EMISSIONS EVENT,2012-08-04 15:30:00+00:00,2012-08-05 00:38:00+00:00,9.13333333333333
20164,KEYSTONE GAS PLANT,RN100238633,171973,EMISSIONS EVENT,2012-08-06 10:15:00+00:00,2012-08-06 10:45:00+00:00,0.5
20177,KEYSTONE GAS PLANT,RN100238633,171993,EMISSIONS EVENT,2012-08-06 16:00:00+00:00,2012-08-07 03:15:00+00:00,11.25
20178,KEYSTONE GAS PLANT,RN100238633,171995,EMISSIONS EVENT,2012-08-06 16:55:00+00:00,2012-08-06 21:55:00+00:00,5.0
20244,KEYSTONE GAS PLANT,RN100238633,172142,EMISSIONS EVENT,2012-08-09 19:40:00+00:00,2012-08-10 04:15:00+00:00,8.58333333333333
20463,KEYSTONE GAS PLANT,RN100238633,172499,EMISSIONS EVENT,2012-08-17 22:24:00+00:00,2012-08-17 23:15:00+00:00,0.85
20421,KEYSTONE GAS PLANT,RN100238633,172440,EMISSIONS EVENT,2012-08-19 04:15:00+00:00,2012-08-19 06:45:00+00:00,2.5
20451,KEYSTONE GAS PLANT,RN100238633,172477,EMISSIONS EVENT,2012-08-20 12:00:00+00:00,2012-08-20 14:54:00+00:00,2.9
20503,KEYSTONE GAS PLANT,RN100238633,172566,EMISSIONS EVENT,2012-08-21 20:45:00+00:00,2012-08-22 02:05:00+00:00,5.33333333333333
20519,KEYSTONE GAS PLANT,RN100238633,172604,EMISSIONS EVENT,2012-08-22 18:45:00+00:00,2012-08-23 11:45:00+00:00,17.0
20554,KEYSTONE GAS PLANT,RN100238633,172668,EMISSIONS EVENT,2012-08-23 20:15:00+00:00,2012-08-24 02:45:00+00:00,6.5
20587,KEYSTONE GAS PLANT,RN100238633,172715,EMISSIONS EVENT,2012-08-24 12:30:00+00:00,2012-08-25 03:30:00+00:00,15.0
20590,KEYSTONE GAS PLANT,RN100238633,172718,EMISSIONS EVENT,2012-08-25 15:05:00+00:00,2012-08-25 21:37:00+00:00,6.53333333333333
20606,KEYSTONE GAS PLANT,RN100238633,172743,EMISSIONS EVENT,2012-08-26 23:00:00+00:00,2012-08-30 09:00:00+00:00,82.0
20829,KEYSTONE GAS PLANT,RN100238633,173130,EMISSIONS EVENT,2012-09-04 20:23:00+00:00,2012-09-05 13:05:00+00:00,16.7
20867,KEYSTONE GAS PLANT,RN100238633,173199,EMISSIONS EVENT,2012-09-06 08:50:00+00:00,2012-09-11 00:50:00+00:00,112.0
20845,KEYSTONE GAS PLANT,RN100238633,173165,EMISSIONS EVENT,2012-09-06 16:00:00+00:00,2012-09-07 01:00:00+00:00,9.0
20880,KEYSTONE GAS PLANT,RN100238633,173217,EMISSIONS EVENT,2012-09-07 05:55:00+00:00,2012-09-07 08:25:00+00:00,2.5
21078,KEYSTONE GAS PLANT,RN100238633,173546,EMISSIONS EVENT,2012-09-15 15:11:00+00:00,2012-09-15 21:07:00+00:00,5.93333333333333
21112,KEYSTONE GAS PLANT,RN100238633,173605,EMISSIONS EVENT,2012-09-18 00:00:00+00:00,2012-09-18 04:20:00+00:00,4.33333333333333
21233,KEYSTONE GAS PLANT,RN100238633,173801,EMISSIONS EVENT,2012-09-22 00:00:00+00:00,2012-09-22 15:30:00+00:00,15.5
21244,KEYSTONE GAS PLANT,RN100238633,173812,EMISSIONS EVENT,2012-09-23 08:15:00+00:00,2012-09-23 11:30:00+00:00,3.25
21347,KEYSTONE GAS PLANT,RN100238633,173981,EMISSIONS EVENT,2012-09-25 17:10:00+00:00,2012-09-25 23:17:00+00:00,6.11666666666667
21348,KEYSTONE GAS PLANT,RN100238633,173982,EMISSIONS EVENT,2012-09-26 04:00:00+00:00,2012-09-26 08:25:00+00:00,4.41666666666667
21410,KEYSTONE GAS PLANT,RN100238633,174061,EMISSIONS EVENT,2012-09-26 16:15:00+00:00,2012-09-27 01:35:00+00:00,9.33333333333333
21491,KEYSTONE GAS PLANT,RN100238633,174184,EMISSIONS EVENT,2012-09-29 08:30:00+00:00,2012-09-30 08:30:00+00:00,24.0
21505,KEYSTONE GAS PLANT,RN100238633,174198,EMISSIONS EVENT,2012-09-30 12:00:00+00:00,2012-10-01 19:10:00+00:00,31.1666666666667
21516,KEYSTONE GAS PLANT,RN100238633,174220,EMISSIONS EVENT,2012-10-01 10:30:00+00:00,2012-10-11 18:30:00+00:00,248.0
21580,KEYSTONE GAS PLANT,RN100238633,174351,EMISSIONS EVENT,2012-10-03 07:15:00+00:00,2012-10-04 04:00:00+00:00,20.75
21660,KEYSTONE GAS PLANT,RN100238633,174470,EMISSIONS EVENT,2012-10-06 08:02:00+00:00,2012-10-06 19:31:00+00:00,11.4833333333333
21675,KEYSTONE GAS PLANT,RN100238633,174485,EMISSIONS EVENT,2012-10-06 23:50:00+00:00,2012-10-07 02:52:00+00:00,3.03333333333333
21732,KEYSTONE GAS PLANT,RN100238633,174590,EMISSIONS EVENT,2012-10-09 14:00:00+00:00,2012-10-10 01:30:00+00:00,11.5
21811,KEYSTONE GAS PLANT,RN100238633,174752,EMISSIONS EVENT,2012-10-12 23:30:00+00:00,2012-10-13 05:30:00+00:00,6.0
21844,KEYSTONE GAS PLANT,RN100238633,174788,EMISSIONS EVENT,2012-10-14 19:36:00+00:00,2012-10-15 01:16:00+00:00,5.66666666666667
21925,KEYSTONE GAS PLANT,RN100238633,174930,EMISSIONS EVENT,2012-10-17 01:52:00+00:00,2012-10-17 10:52:00+00:00,9.0
21969,KEYSTONE GAS PLANT,RN100238633,174991,EMISSIONS EVENT,2012-10-18 14:30:00+00:00,2012-10-19 20:20:00+00:00,29.8333333333333
22038,KEYSTONE GAS PLANT,RN100238633,175107,EMISSIONS EVENT,2012-10-22 11:00:00+00:00,2012-10-23 16:10:00+00:00,29.1666666666667
22166,KEYSTONE GAS PLANT,RN100238633,175301,EMISSIONS EVENT,2012-10-25 15:00:00+00:00,2012-10-26 16:40:00+00:00,25.6666666666667
22357,KEYSTONE GAS PLANT,RN100238633,175627,EMISSIONS EVENT,2012-11-02 12:00:00+00:00,2012-11-03 00:00:00+00:00,12.0
22367,KEYSTONE GAS PLANT,RN100238633,175638,EMISSIONS EVENT,2012-11-04 16:30:00+00:00,2012-11-05 11:30:00+00:00,19.0
22416,KEYSTONE GAS PLANT,RN100238633,175751,EMISSIONS EVENT,2012-11-06 13:30:00+00:00,2012-11-06 21:15:00+00:00,7.75
22499,KEYSTONE GAS PLANT,RN100238633,175908,EMISSIONS EVENT,2012-11-09 21:15:00+00:00,2012-11-10 04:15:00+00:00,7.0
22504,KEYSTONE GAS PLANT,RN100238633,175913,EMISSIONS EVENT,2012-11-11 13:20:00+00:00,2012-11-12 17:20:00+00:00,28.0
22576,KEYSTONE GAS PLANT,RN100238633,176058,EMISSIONS EVENT,2012-11-15 01:15:00+00:00,2012-11-15 04:00:00+00:00,2.75
22721,KEYSTONE GAS PLANT,RN100238633,176312,EMISSIONS EVENT,2012-11-24 14:00:00+00:00,2012-11-24 22:00:00+00:00,8.0
22731,KEYSTONE GAS PLANT,RN100238633,176338,EMISSIONS EVENT,2012-11-25 20:00:00+00:00,2012-11-26 03:30:00+00:00,7.5
22831,KEYSTONE GAS PLANT,RN100238633,176524,EMISSIONS EVENT,2012-11-29 01:00:00+00:00,2012-11-29 08:45:00+00:00,7.75
22848,KEYSTONE GAS PLANT,RN100238633,176565,EMISSIONS EVENT,2012-11-29 16:55:00+00:00,2012-11-30 02:20:00+00:00,9.41666666666667
22908,KEYSTONE GAS PLANT,RN100238633,176665,EMISSIONS EVENT,2012-12-03 15:30:00+00:00,2012-12-03 23:52:00+00:00,8.36666666666667
22946,KEYSTONE GAS PLANT,RN100238633,176761,EMISSIONS EVENT,2012-12-05 16:33:00+00:00,2012-12-05 23:45:00+00:00,7.2
23083,KEYSTONE GAS PLANT,RN100238633,176933,EMISSIONS EVENT,2012-12-08 17:15:00+00:00,2012-12-09 00:15:00+00:00,7.0
23140,KEYSTONE GAS PLANT,RN100238633,177021,EMISSIONS EVENT,2012-12-10 15:05:00+00:00,2012-12-10 20:42:00+00:00,5.61666666666667
23200,KEYSTONE GAS PLANT,RN100238633,177123,EMISSIONS EVENT,2012-12-12 20:00:00+00:00,2012-12-13 02:00:00+00:00,6.0
23217,KEYSTONE GAS PLANT,RN100238633,177157,EMISSIONS EVENT,2012-12-13 16:30:00+00:00,2012-12-13 23:53:00+00:00,7.38333333333333
23244,KEYSTONE GAS PLANT,RN100238633,177193,EMISSIONS EVENT,2012-12-16 14:15:00+00:00,2012-12-16 21:20:00+00:00,7.08333333333333
23317,KEYSTONE GAS PLANT,RN100238633,177345,EMISSIONS EVENT,2012-12-19 17:00:00+00:00,2012-12-20 19:15:00+00:00,26.25
96,KEYSTONE GAS PLANT,RN100238633,177520,EMISSIONS EVENT,2012-12-26 17:30:00+00:00,2012-12-27 17:30:00+00:00,24.0
41,KEYSTONE GAS PLANT,RN100238633,177482,EMISSIONS EVENT,2012-12-26 20:19:00+00:00,2012-12-27 04:23:00+00:00,8.06666666666667
114,KEYSTONE GAS PLANT,RN100238633,177530,EMISSIONS EVENT,2012-12-28 18:38:00+00:00,2012-12-29 00:23:00+00:00,5.75
126,KEYSTONE GAS PLANT,RN100238633,177536,EMISSIONS EVENT,2012-12-29 19:48:00+00:00,2012-12-30 03:10:00+00:00,7.36666666666667
155,KEYSTONE GAS PLANT,RN100238633,177556,EMISSIONS EVENT,2012-12-31 09:30:00+00:00,2012-12-31 19:05:00+00:00,9.58333333333333
276,KEYSTONE GAS PLANT,RN100238633,177659,EMISSIONS EVENT,2013-01-03 15:15:00+00:00,2013-01-13 21:00:00+00:00,245.75
346,KEYSTONE GAS PLANT,RN100238633,177734,EMISSIONS EVENT,2013-01-06 17:35:00+00:00,2013-01-07 08:35:00+00:00,15.0
436,KEYSTONE GAS PLANT,RN100238633,177833,EMISSIONS EVENT,2013-01-07 23:30:00+00:00,2013-01-09 00:00:00+00:00,24.5
589,KEYSTONE GAS PLANT,RN100238633,177970,EMISSIONS EVENT,2013-01-11 01:00:00+00:00,2013-01-11 23:55:00+00:00,22.9166666666667
1108,KEYSTONE GAS PLANT,RN100238633,178393,EMISSIONS EVENT,2013-01-23 17:15:00+00:00,2013-01-23 17:50:00+00:00,0.583333333333333
1192,KEYSTONE GAS PLANT,RN100238633,178477,EMISSIONS EVENT,2013-01-24 16:30:00+00:00,2013-01-24 20:15:00+00:00,3.75
1775,KEYSTONE GAS PLANT,RN100238633,178974,EMISSIONS EVENT,2013-02-05 09:00:00+00:00,2013-02-05 19:30:00+00:00,10.5
2174,KEYSTONE GAS PLANT,RN100238633,179317,EMISSIONS EVENT,2013-02-13 15:30:00+00:00,2013-02-13 23:30:00+00:00,8.0
2230,KEYSTONE GAS PLANT,RN100238633,179376,EMISSIONS EVENT,2013-02-15 03:10:00+00:00,2013-02-15 03:40:00+00:00,0.5
2250,KEYSTONE GAS PLANT,RN100238633,179401,EMISSIONS EVENT,2013-02-15 15:30:00+00:00,2013-02-15 18:15:00+00:00,2.75
2396,KEYSTONE GAS PLANT,RN100238633,179585,EMISSIONS EVENT,2013-02-20 13:00:00+00:00,2013-02-21 13:00:00+00:00,24.0
2466,KEYSTONE GAS PLANT,RN100238633,179648,EMISSIONS EVENT,2013-02-22 23:50:00+00:00,2013-02-23 03:30:00+00:00,3.66666666666667
2736,KEYSTONE GAS PLANT,RN100238633,179863,EMISSIONS EVENT,2013-02-27 16:30:00+00:00,2013-02-27 20:48:00+00:00,4.3
2827,KEYSTONE GAS PLANT,RN100238633,179952,EMISSIONS EVENT,2013-03-03 19:45:00+00:00,2013-03-04 02:58:00+00:00,7.21666666666667
3005,KEYSTONE GAS PLANT,RN100238633,180134,EMISSIONS EVENT,2013-03-07 15:52:00+00:00,2013-03-07 19:20:00+00:00,3.46666666666667
3092,KEYSTONE GAS PLANT,RN100238633,180213,EMISSIONS EVENT,2013-03-10 15:50:00+00:00,2013-03-11 16:15:00+00:00,24.4166666666667
3287,KEYSTONE GAS PLANT,RN100238633,180369,EMISSIONS EVENT,2013-03-13 01:20:00+00:00,2013-03-13 02:08:00+00:00,0.8
4481,KEYSTONE GAS PLANT,RN100238633,180777,EMISSIONS EVENT,2013-03-22 22:40:00+00:00,2013-03-23 05:02:00+00:00,6.36666666666667
4485,KEYSTONE GAS PLANT,RN100238633,180781,EMISSIONS EVENT,2013-03-24 08:07:00+00:00,2013-03-24 08:30:00+00:00,0.383333333333333
4606,KEYSTONE GAS PLANT,RN100238633,180987,EMISSIONS EVENT,2013-03-28 21:40:00+00:00,2013-03-29 03:40:00+00:00,6.0
4768,KEYSTONE GAS PLANT,RN100238633,181120,EMISSIONS EVENT,2013-04-01 15:53:00+00:00,2013-04-02 00:20:00+00:00,8.45
4921,KEYSTONE GAS PLANT,RN100238633,181273,EMISSIONS EVENT,2013-04-04 14:17:00+00:00,2013-04-04 18:52:00+00:00,4.58333333333333
5058,KEYSTONE GAS PLANT,RN100238633,181405,EMISSIONS EVENT,2013-04-09 02:54:00+00:00,2013-04-09 06:32:00+00:00,3.63333333333333
5176,KEYSTONE GAS PLANT,RN100238633,181522,EMISSIONS EVENT,2013-04-12 01:45:00+00:00,2013-04-12 02:00:00+00:00,0.25
5378,KEYSTONE GAS PLANT,RN100238633,181688,EMISSIONS EVENT,2013-04-15 15:45:00+00:00,2013-04-15 22:10:00+00:00,6.41666666666667
5541,KEYSTONE GAS PLANT,RN100238633,181825,EMISSIONS EVENT,2013-04-17 15:28:00+00:00,2013-04-17 22:51:00+00:00,7.38333333333333
5955,KEYSTONE GAS PLANT,RN100238633,182163,EMISSIONS EVENT,2013-04-27 08:30:00+00:00,2013-04-27 09:00:00+00:00,0.5
5673,KEYSTONE GAS PLANT,RN100238633,181934,MAINTENANCE,2013-04-29 06:00:00+00:00,2013-05-03 19:00:00+00:00,109.0
6022,KEYSTONE GAS PLANT,RN100238633,182234,EMISSIONS EVENT,2013-04-30 01:43:00+00:00,2013-04-30 05:39:00+00:00,3.93333333333333
6198,KEYSTONE GAS PLANT,RN100238633,182420,EMISSIONS EVENT,2013-05-03 19:00:00+00:00,2013-06-20 17:00:00+00:00,1150.0
6943,KEYSTONE GAS PLANT,RN100238633,183168,EMISSIONS EVENT,2013-05-22 19:50:00+00:00,2013-05-23 03:40:00+00:00,7.83333333333333
7031,KEYSTONE GAS PLANT,RN100238633,183239,EMISSIONS EVENT,2013-05-26 15:30:00+00:00,2013-05-27 01:05:00+00:00,9.58333333333333
7262,KEYSTONE GAS PLANT,RN100238633,183464,EMISSIONS EVENT,2013-05-31 23:00:00+00:00,2013-06-01 04:00:00+00:00,5.0
7377,KEYSTONE GAS PLANT,RN100238633,183577,EMISSIONS EVENT,2013-06-04 00:40:00+00:00,2013-06-04 04:58:00+00:00,4.3
7428,KEYSTONE GAS PLANT,RN100238633,183625,EMISSIONS EVENT,2013-06-04 20:15:00+00:00,2013-06-05 02:00:00+00:00,5.75
9602,KEYSTONE GAS PLANT,RN100238633,183647,EMISSIONS EVENT,2013-06-05 19:46:00+00:00,2013-06-06 04:15:00+00:00,8.48333333333333
10404,KEYSTONE GAS PLANT,RN100238633,184344,EMISSIONS EVENT,2013-06-18 14:16:00+00:00,2013-06-19 05:10:00+00:00,14.9
10529,KEYSTONE GAS PLANT,RN100238633,184525,EMISSIONS EVENT,2013-06-20 19:53:00+00:00,2013-06-21 05:05:00+00:00,9.2
10561,KEYSTONE GAS PLANT,RN100238633,184573,EMISSIONS EVENT,2013-06-22 17:15:00+00:00,2013-06-23 12:52:00+00:00,19.6166666666667
10630,KEYSTONE GAS PLANT,RN100238633,184698,EMISSIONS EVENT,2013-06-24 18:56:00+00:00,2013-06-24 22:50:00+00:00,3.9
10652,KEYSTONE GAS PLANT,RN100238633,184753,EMISSIONS EVENT,2013-06-25 20:50:00+00:00,2013-06-26 03:46:00+00:00,6.93333333333333
10654,KEYSTONE GAS PLANT,RN100238633,184757,EMISSIONS EVENT,2013-06-25 22:25:00+00:00,2013-06-26 02:00:00+00:00,3.58333333333333
10659,KEYSTONE GAS PLANT,RN100238633,184773,EMISSIONS EVENT,2013-06-26 19:10:00+00:00,2013-06-27 03:45:00+00:00,8.58333333333333
10726,KEYSTONE GAS PLANT,RN100238633,184882,EMISSIONS EVENT,2013-06-28 16:10:00+00:00,2013-06-29 04:15:00+00:00,12.0833333333333
10739,KEYSTONE GAS PLANT,RN100238633,184896,EMISSIONS EVENT,2013-06-29 17:00:00+00:00,2013-06-30 03:15:00+00:00,10.25
10871,KEYSTONE GAS PLANT,RN100238633,185149,EMISSIONS EVENT,2013-07-03 04:02:00+00:00,2013-07-03 21:26:00+00:00,17.4
10876,KEYSTONE GAS PLANT,RN100238633,185154,EMISSIONS EVENT,2013-07-04 02:00:00+00:00,2013-07-04 03:20:00+00:00,1.33333333333333
10895,KEYSTONE GAS PLANT,RN100238633,185184,EMISSIONS EVENT,2013-07-05 16:09:00+00:00,2013-07-05 23:00:00+00:00,6.85
10897,KEYSTONE GAS PLANT,RN100238633,185186,EMISSIONS EVENT,2013-07-05 23:50:00+00:00,2013-07-06 03:15:00+00:00,3.41666666666667
10898,KEYSTONE GAS PLANT,RN100238633,185187,EMISSIONS EVENT,2013-07-06 00:10:00+00:00,2013-07-06 00:40:00+00:00,0.5
10906,KEYSTONE GAS PLANT,RN100238633,185195,EMISSIONS EVENT,2013-07-06 22:35:00+00:00,2013-07-07 18:52:00+00:00,20.2833333333333
10954,KEYSTONE GAS PLANT,RN100238633,185322,EMISSIONS EVENT,2013-07-09 14:52:00+00:00,2013-07-09 15:12:00+00:00,0.333333333333333
11080,KEYSTONE GAS PLANT,RN100238633,185582,EMISSIONS EVENT,2013-07-12 16:00:00+00:00,2013-07-13 00:10:00+00:00,8.16666666666667
11051,KEYSTONE GAS PLANT,RN100238633,185528,EMISSIONS EVENT,2013-07-15 16:34:00+00:00,2013-07-15 21:47:00+00:00,5.21666666666667
11049,KEYSTONE GAS PLANT,RN100238633,185525,EMISSIONS EVENT,2013-07-15 16:55:00+00:00,2013-07-16 21:40:00+00:00,28.75
11056,KEYSTONE GAS PLANT,RN100238633,185534,EMISSIONS EVENT,2013-07-15 17:11:00+00:00,2013-07-15 22:18:00+00:00,5.11666666666667
11103,KEYSTONE GAS PLANT,RN100238633,185603,EMISSIONS EVENT,2013-07-17 05:30:00+00:00,2013-07-19 03:24:00+00:00,45.9
11140,KEYSTONE GAS PLANT,RN100238633,185631,EMISSIONS EVENT,2013-07-18 01:37:00+00:00,2013-07-18 21:20:00+00:00,19.7166666666667
11297,KEYSTONE GAS PLANT,RN100238633,185777,EMISSIONS EVENT,2013-07-22 15:30:00+00:00,2013-07-23 01:39:00+00:00,10.15
11568,KEYSTONE GAS PLANT,RN100238633,186024,EMISSIONS EVENT,2013-07-26 13:30:00+00:00,2013-07-27 01:50:00+00:00,12.3333333333333
11570,KEYSTONE GAS PLANT,RN100238633,186025,EMISSIONS EVENT,2013-07-27 01:45:00+00:00,2013-07-27 02:45:00+00:00,1.0
11722,KEYSTONE GAS PLANT,RN100238633,186169,EMISSIONS EVENT,2013-07-30 17:15:00+00:00,2013-07-31 00:30:00+00:00,7.25
11801,KEYSTONE GAS PLANT,RN100238633,186235,EMISSIONS EVENT,2013-08-01 01:10:00+00:00,2013-08-01 03:40:00+00:00,2.5
11851,KEYSTONE GAS PLANT,RN100238633,186275,EMISSIONS EVENT,2013-08-02 13:45:00+00:00,2013-08-02 15:52:00+00:00,2.11666666666667
11856,KEYSTONE GAS PLANT,RN100238633,186278,EMISSIONS EVENT,2013-08-02 23:00:00+00:00,2013-08-03 12:00:00+00:00,13.0
12065,KEYSTONE GAS PLANT,RN100238633,186462,EMISSIONS EVENT,2013-08-06 19:15:00+00:00,2013-08-07 00:10:00+00:00,4.91666666666667
12071,KEYSTONE GAS PLANT,RN100238633,186465,EMISSIONS EVENT,2013-08-07 09:05:00+00:00,2013-08-07 12:10:00+00:00,3.08333333333333
12109,KEYSTONE GAS PLANT,RN100238633,186517,EMISSIONS EVENT,2013-08-07 18:15:00+00:00,2013-08-08 01:57:00+00:00,7.7
12184,KEYSTONE GAS PLANT,RN100238633,186589,EMISSIONS EVENT,2013-08-09 18:45:00+00:00,2013-08-09 23:26:00+00:00,4.68333333333333
11693,KEYSTONE GAS PLANT,RN100238633,186141,MAINTENANCE,2013-08-12 17:00:00+00:00,2013-08-17 13:00:00+00:00,116.0
12396,KEYSTONE GAS PLANT,RN100238633,186791,EMISSIONS EVENT,2013-08-14 12:50:00+00:00,2013-08-15 05:45:00+00:00,16.9166666666667
13037,KEYSTONE GAS PLANT,RN100238633,187183,EMISSIONS EVENT,2013-08-22 13:30:00+00:00,2013-08-22 20:45:00+00:00,7.25
13321,KEYSTONE GAS PLANT,RN100238633,187417,EMISSIONS EVENT,2013-08-28 15:10:00+00:00,2013-08-29 06:40:00+00:00,15.5
13313,KEYSTONE GAS PLANT,RN100238633,187410,EMISSIONS EVENT,2013-08-28 16:15:00+00:00,2013-08-29 09:50:00+00:00,17.5833333333333
13386,KEYSTONE GAS PLANT,RN100238633,187472,EMISSIONS EVENT,2013-08-29 18:20:00+00:00,2013-08-30 20:21:00+00:00,26.0166666666667
13439,KEYSTONE GAS PLANT,RN100238633,187519,EMISSIONS EVENT,2013-08-31 00:30:00+00:00,2013-08-31 04:50:00+00:00,4.33333333333333
13445,KEYSTONE GAS PLANT,RN100238633,187522,EMISSIONS EVENT,2013-09-01 15:40:00+00:00,2013-09-01 17:51:00+00:00,2.18333333333333
13448,KEYSTONE GAS PLANT,RN100238633,187524,EMISSIONS EVENT,2013-09-02 08:55:00+00:00,2013-09-02 09:10:00+00:00,0.25
13518,KEYSTONE GAS PLANT,RN100238633,187593,EMISSIONS EVENT,2013-09-03 14:21:00+00:00,2013-09-03 23:05:00+00:00,8.73333333333333
13643,KEYSTONE GAS PLANT,RN100238633,187734,EMISSIONS EVENT,2013-09-05 16:30:00+00:00,2013-09-05 22:20:00+00:00,5.83333333333333
13823,KEYSTONE GAS PLANT,RN100238633,187907,EMISSIONS EVENT,2013-09-10 17:36:00+00:00,2013-09-12 07:07:00+00:00,37.5166666666667
13819,KEYSTONE GAS PLANT,RN100238633,187899,EMISSIONS EVENT,2013-09-11 01:05:00+00:00,2013-09-11 04:50:00+00:00,3.75
13965,KEYSTONE GAS PLANT,RN100238633,188049,EMISSIONS EVENT,2013-09-13 20:50:00+00:00,2013-09-14 03:20:00+00:00,6.5
14242,KEYSTONE GAS PLANT,RN100238633,188226,EMISSIONS EVENT,2013-09-17 00:05:00+00:00,2013-09-17 07:06:00+00:00,7.01666666666667
14310,KEYSTONE GAS PLANT,RN100238633,188299,EMISSIONS EVENT,2013-09-17 23:30:00+00:00,2013-09-18 07:40:00+00:00,8.16666666666667
14353,KEYSTONE GAS PLANT,RN100238633,188334,EMISSIONS EVENT,2013-09-18 13:35:00+00:00,2013-09-18 19:36:00+00:00,6.01666666666667
14547,KEYSTONE GAS PLANT,RN100238633,188505,EMISSIONS EVENT,2013-09-21 18:30:00+00:00,2013-09-21 22:13:00+00:00,3.71666666666667
14596,KEYSTONE GAS PLANT,RN100238633,188570,EMISSIONS EVENT,2013-09-22 20:55:00+00:00,2013-09-23 02:55:00+00:00,6.0
14917,KEYSTONE GAS PLANT,RN100238633,188827,EMISSIONS EVENT,2013-09-27 23:00:00+00:00,2013-09-28 17:00:00+00:00,18.0
15087,KEYSTONE GAS PLANT,RN100238633,188983,EMISSIONS EVENT,2013-09-30 23:10:00+00:00,2013-10-01 05:10:00+00:00,6.0
15180,KEYSTONE GAS PLANT,RN100238633,189067,EMISSIONS EVENT,2013-10-02 18:54:00+00:00,2013-10-03 01:30:00+00:00,6.6
15234,KEYSTONE GAS PLANT,RN100238633,189113,EMISSIONS EVENT,2013-10-03 16:15:00+00:00,2013-10-03 17:05:00+00:00,0.833333333333333
15236,KEYSTONE GAS PLANT,RN100238633,189114,EMISSIONS EVENT,2013-10-03 20:35:00+00:00,2013-10-03 23:45:00+00:00,3.16666666666667
15274,KEYSTONE GAS PLANT,RN100238633,189146,EMISSIONS EVENT,2013-10-04 16:21:00+00:00,2013-10-04 21:14:00+00:00,4.88333333333333
15275,KEYSTONE GAS PLANT,RN100238633,189147,EMISSIONS EVENT,2013-10-04 23:30:00+00:00,2013-10-05 22:10:00+00:00,22.6666666666667
15278,KEYSTONE GAS PLANT,RN100238633,189148,EMISSIONS EVENT,2013-10-05 08:15:00+00:00,2013-10-06 23:20:00+00:00,39.0833333333333
15445,KEYSTONE GAS PLANT,RN100238633,189275,EMISSIONS EVENT,2013-10-08 13:30:00+00:00,2013-10-08 21:00:00+00:00,7.5
15481,KEYSTONE GAS PLANT,RN100238633,189308,EMISSIONS EVENT,2013-10-08 22:00:00+00:00,2013-10-09 03:35:00+00:00,5.58333333333333
15545,KEYSTONE GAS PLANT,RN100238633,189377,EMISSIONS EVENT,2013-10-10 09:00:00+00:00,2013-10-10 20:00:00+00:00,11.0
15614,KEYSTONE GAS PLANT,RN100238633,189435,EMISSIONS EVENT,2013-10-12 18:09:00+00:00,2013-10-13 00:49:00+00:00,6.66666666666667
15371,KEYSTONE GAS PLANT,RN100238633,189210,MAINTENANCE,2013-10-14 17:00:00+00:00,2013-10-22 16:30:00+00:00,191.5
16257,KEYSTONE GAS PLANT,RN100238633,189942,EMISSIONS EVENT,2013-10-23 07:55:00+00:00,2013-10-23 11:00:00+00:00,3.08333333333333
16282,KEYSTONE GAS PLANT,RN100238633,189970,EMISSIONS EVENT,2013-10-24 15:00:00+00:00,2013-10-24 20:05:00+00:00,5.08333333333333
16341,KEYSTONE GAS PLANT,RN100238633,190020,EMISSIONS EVENT,2013-10-26 16:00:00+00:00,2013-10-27 02:00:00+00:00,10.0
16361,KEYSTONE GAS PLANT,RN100238633,190032,EMISSIONS EVENT,2013-10-27 17:30:00+00:00,2013-10-29 06:22:00+00:00,36.8666666666667
16582,KEYSTONE GAS PLANT,RN100238633,190237,EMISSIONS EVENT,2013-10-30 15:21:00+00:00,2013-11-04 01:05:00+00:00,105.733333333333
16794,KEYSTONE GAS PLANT,RN100238633,190405,EMISSIONS EVENT,2013-11-04 13:15:00+00:00,2013-11-05 10:20:00+00:00,21.0833333333333
17213,KEYSTONE GAS PLANT,RN100238633,190748,EMISSIONS EVENT,2013-11-13 02:40:00+00:00,2013-11-13 16:46:00+00:00,14.1
17439,KEYSTONE GAS PLANT,RN100238633,190933,EMISSIONS EVENT,2013-11-16 11:30:00+00:00,2013-11-17 00:25:00+00:00,12.9166666666667
17393,KEYSTONE GAS PLANT,RN100238633,190892,EMISSIONS EVENT,2013-11-17 18:00:00+00:00,2013-11-18 12:30:00+00:00,18.5
17445,KEYSTONE GAS PLANT,RN100238633,190938,EMISSIONS EVENT,2013-11-17 18:00:00+00:00,2013-11-18 08:14:00+00:00,14.2333333333333
17584,KEYSTONE GAS PLANT,RN100238633,191048,EMISSIONS EVENT,2013-11-19 01:35:00+00:00,2013-11-19 11:35:00+00:00,10.0
17797,KEYSTONE GAS PLANT,RN100238633,191281,EMISSIONS EVENT,2013-11-24 03:27:00+00:00,2013-11-25 18:51:00+00:00,39.4
17790,KEYSTONE GAS PLANT,RN100238633,191274,EMISSIONS EVENT,2013-11-24 04:20:00+00:00,2013-11-24 10:58:00+00:00,6.63333333333333
17965,KEYSTONE GAS PLANT,RN100238633,191418,EMISSIONS EVENT,2013-11-26 17:00:00+00:00,2013-11-26 23:30:00+00:00,6.5
17956,KEYSTONE GAS PLANT,RN100238633,191412,EMISSIONS EVENT,2013-11-26 19:00:00+00:00,2013-11-26 23:00:00+00:00,4.0
17997,KEYSTONE GAS PLANT,RN100238633,191438,EMISSIONS EVENT,2013-11-27 16:00:00+00:00,2013-11-27 18:49:00+00:00,2.81666666666667
18152,KEYSTONE GAS PLANT,RN100238633,191567,EMISSIONS EVENT,2013-12-03 17:20:00+00:00,2013-12-03 21:07:00+00:00,3.78333333333333
18197,KEYSTONE GAS PLANT,RN100238633,191623,EMISSIONS EVENT,2013-12-04 16:00:00+00:00,2013-12-05 01:14:00+00:00,9.23333333333333
18226,KEYSTONE GAS PLANT,RN100238633,191652,EMISSIONS EVENT,2013-12-05 02:00:00+00:00,2013-12-06 02:00:00+00:00,24.0
18266,KEYSTONE GAS PLANT,RN100238633,191690,EMISSIONS EVENT,2013-12-05 14:10:00+00:00,2013-12-05 20:30:00+00:00,6.33333333333333
18459,KEYSTONE GAS PLANT,RN100238633,191809,EMISSIONS EVENT,2013-12-08 19:20:00+00:00,2013-12-09 02:06:00+00:00,6.76666666666667
18450,KEYSTONE GAS PLANT,RN100238633,191804,EMISSIONS EVENT,2013-12-09 11:06:00+00:00,2013-12-09 11:49:00+00:00,0.716666666666667
18558,KEYSTONE GAS PLANT,RN100238633,191885,EMISSIONS EVENT,2013-12-11 07:45:00+00:00,2013-12-11 10:40:00+00:00,2.91666666666667
18672,KEYSTONE GAS PLANT,RN100238633,191955,EMISSIONS EVENT,2013-12-12 17:30:00+00:00,2013-12-20 04:00:00+00:00,178.5
18800,KEYSTONE GAS PLANT,RN100238633,192048,EMISSIONS EVENT,2013-12-16 17:04:00+00:00,2013-12-16 19:44:00+00:00,2.66666666666667
18803,KEYSTONE GAS PLANT,RN100238633,192049,EMISSIONS EVENT,2013-12-16 23:05:00+00:00,2013-12-17 01:00:00+00:00,1.91666666666667
18998,KEYSTONE GAS PLANT,RN100238633,192214,EMISSIONS EVENT,2013-12-20 10:30:00+00:00,2013-12-21 17:21:00+00:00,30.85
19303,KEYSTONE GAS PLANT,RN100238633,192384,EMISSIONS EVENT,2013-12-30 17:50:00+00:00,2013-12-30 21:40:00+00:00,3.83333333333333
42,KEYSTONE GAS PLANT,RN100238633,193188,EMISSIONS EVENT,2014-01-18 20:05:00+00:00,2014-01-19 02:15:00+00:00,6.16666666666667
111,KEYSTONE GAS PLANT,RN100238633,193252,EMISSIONS EVENT,2014-01-21 15:45:00+00:00,2014-01-23 03:00:00+00:00,35.25
115,KEYSTONE GAS PLANT,RN100238633,193258,EMISSIONS EVENT,2014-01-21 18:14:00+00:00,2014-01-22 00:00:00+00:00,5.76666666666667
226,KEYSTONE GAS PLANT,RN100238633,193381,EMISSIONS EVENT,2014-01-23 17:15:00+00:00,2014-01-23 19:45:00+00:00,2.5
532,KEYSTONE GAS PLANT,RN100238633,193616,EMISSIONS EVENT,2014-01-29 16:56:00+00:00,2014-01-30 00:36:00+00:00,7.66666666666667
535,KEYSTONE GAS PLANT,RN100238633,193621,EMISSIONS EVENT,2014-01-29 18:13:00+00:00,2014-02-02 02:42:00+00:00,80.4833333333333
846,KEYSTONE GAS PLANT,RN100238633,193928,EMISSIONS EVENT,2014-02-06 17:00:00+00:00,2014-02-06 20:00:00+00:00,3.0
844,KEYSTONE GAS PLANT,RN100238633,193927,EMISSIONS EVENT,2014-02-06 18:15:00+00:00,2014-02-07 02:11:00+00:00,7.93333333333333
1364,KEYSTONE GAS PLANT,RN100238633,194362,EMISSIONS EVENT,2014-02-18 18:15:00+00:00,2014-02-19 04:30:00+00:00,10.25
1417,KEYSTONE GAS PLANT,RN100238633,194402,EMISSIONS EVENT,2014-02-19 10:45:00+00:00,2014-02-19 21:56:00+00:00,11.1833333333333
1420,KEYSTONE GAS PLANT,RN100238633,194403,EMISSIONS EVENT,2014-02-19 10:45:00+00:00,2014-02-19 21:56:00+00:00,11.1833333333333
1464,KEYSTONE GAS PLANT,RN100238633,194450,EMISSIONS EVENT,2014-02-20 02:00:00+00:00,2014-02-20 04:15:00+00:00,2.25
1466,KEYSTONE GAS PLANT,RN100238633,194451,EMISSIONS EVENT,2014-02-20 15:00:00+00:00,2014-02-21 01:00:00+00:00,10.0
1639,KEYSTONE GAS PLANT,RN100238633,194565,EMISSIONS EVENT,2014-02-21 01:25:00+00:00,2014-02-21 02:30:00+00:00,1.08333333333333
1636,KEYSTONE GAS PLANT,RN100238633,194564,EMISSIONS EVENT,2014-02-21 03:30:00+00:00,2014-02-21 20:50:00+00:00,17.3333333333333
1646,KEYSTONE GAS PLANT,RN100238633,194568,EMISSIONS EVENT,2014-02-21 12:58:00+00:00,2014-02-21 16:10:00+00:00,3.2
1662,KEYSTONE GAS PLANT,RN100238633,194576,EMISSIONS EVENT,2014-02-22 12:55:00+00:00,2014-02-22 18:20:00+00:00,5.41666666666667
1671,KEYSTONE GAS PLANT,RN100238633,194580,EMISSIONS EVENT,2014-02-23 00:00:00+00:00,2014-02-23 03:00:00+00:00,3.0
1766,KEYSTONE GAS PLANT,RN100238633,194665,EMISSIONS EVENT,2014-02-24 21:45:00+00:00,2014-02-25 02:15:00+00:00,4.5
1983,KEYSTONE GAS PLANT,RN100238633,194889,EMISSIONS EVENT,2014-02-28 20:00:00+00:00,2014-03-01 09:00:00+00:00,13.0
2176,KEYSTONE GAS PLANT,RN100238633,195040,EMISSIONS EVENT,2014-03-04 20:45:00+00:00,2014-03-04 22:25:00+00:00,1.66666666666667
2373,KEYSTONE GAS PLANT,RN100238633,195265,EMISSIONS EVENT,2014-03-07 07:00:00+00:00,2014-03-12 22:20:00+00:00,135.333333333333
2372,KEYSTONE GAS PLANT,RN100238633,195264,EMISSIONS EVENT,2014-03-11 23:19:00+00:00,2014-03-12 09:11:00+00:00,9.86666666666667
2800,KEYSTONE GAS PLANT,RN100238633,195683,EMISSIONS EVENT,2014-03-18 21:04:00+00:00,2014-03-18 22:34:00+00:00,1.5
2844,KEYSTONE GAS PLANT,RN100238633,195737,EMISSIONS EVENT,2014-03-20 17:55:00+00:00,2014-03-21 05:20:00+00:00,11.4166666666667
2888,KEYSTONE GAS PLANT,RN100238633,195780,EMISSIONS EVENT,2014-03-22 19:15:00+00:00,2014-03-23 00:00:00+00:00,4.75
3009,KEYSTONE GAS PLANT,RN100238633,195908,EMISSIONS EVENT,2014-03-25 19:40:00+00:00,2014-03-27 17:15:00+00:00,45.5833333333333
3233,KEYSTONE GAS PLANT,RN100238633,196125,EMISSIONS EVENT,2014-03-29 19:00:00+00:00,2014-03-30 00:00:00+00:00,5.0
3214,KEYSTONE GAS PLANT,RN100238633,196113,EMISSIONS EVENT,2014-03-30 23:34:00+00:00,2014-03-31 04:34:00+00:00,5.0
3502,KEYSTONE GAS PLANT,RN100238633,196394,EMISSIONS EVENT,2014-04-06 19:00:00+00:00,2014-04-14 22:35:00+00:00,195.583333333333
3648,KEYSTONE GAS PLANT,RN100238633,196568,EMISSIONS EVENT,2014-04-09 23:30:00+00:00,2014-04-10 01:25:00+00:00,1.91666666666667
3888,KEYSTONE GAS PLANT,RN100238633,197030,EMISSIONS EVENT,2014-04-17 14:48:00+00:00,2014-04-17 22:30:00+00:00,7.7
4016,KEYSTONE GAS PLANT,RN100238633,197244,EMISSIONS EVENT,2014-04-21 15:45:00+00:00,2014-04-22 06:50:00+00:00,15.0833333333333
4018,KEYSTONE GAS PLANT,RN100238633,197247,EMISSIONS EVENT,2014-04-23 00:12:00+00:00,2014-04-23 02:43:00+00:00,2.51666666666667
3874,KEYSTONE GAS PLANT,RN100238633,196995,EMISSIONS EVENT,2014-04-26 20:30:00+00:00,2014-04-26 22:00:00+00:00,1.5
4148,KEYSTONE GAS PLANT,RN100238633,197512,EMISSIONS EVENT,2014-04-28 02:00:00+00:00,2014-04-28 09:00:00+00:00,7.0
4229,KEYSTONE GAS PLANT,RN100238633,197690,EMISSIONS EVENT,2014-05-01 02:35:00+00:00,2014-05-01 07:00:00+00:00,4.41666666666667
4251,KEYSTONE GAS PLANT,RN100238633,197734,EMISSIONS EVENT,2014-05-02 13:35:00+00:00,2014-05-02 18:09:00+00:00,4.56666666666667
4295,KEYSTONE GAS PLANT,RN100238633,197788,EMISSIONS EVENT,2014-05-04 17:15:00+00:00,2014-05-04 20:00:00+00:00,2.75
4297,KEYSTONE GAS PLANT,RN100238633,197794,EMISSIONS EVENT,2014-05-04 21:45:00+00:00,2014-05-05 01:00:00+00:00,3.25
4315,KEYSTONE GAS PLANT,RN100238633,197833,EMISSIONS EVENT,2014-05-05 19:20:00+00:00,2014-05-06 06:45:00+00:00,11.4166666666667
4354,KEYSTONE GAS PLANT,RN100238633,197915,EMISSIONS EVENT,2014-05-06 13:45:00+00:00,2014-05-06 18:00:00+00:00,4.25
4424,KEYSTONE GAS PLANT,RN100238633,198037,EMISSIONS EVENT,2014-05-07 22:40:00+00:00,2014-05-08 05:55:00+00:00,7.25
4759,KEYSTONE GAS PLANT,RN100238633,198252,EMISSIONS EVENT,2014-05-12 14:30:00+00:00,2014-05-12 22:46:00+00:00,8.26666666666667
4795,KEYSTONE GAS PLANT,RN100238633,198291,EMISSIONS EVENT,2014-05-14 09:10:00+00:00,2014-05-14 09:25:00+00:00,0.25
4798,KEYSTONE GAS PLANT,RN100238633,198295,EMISSIONS EVENT,2014-05-14 10:45:00+00:00,2014-05-14 14:08:00+00:00,3.38333333333333
4891,KEYSTONE GAS PLANT,RN100238633,198365,EMISSIONS EVENT,2014-05-14 20:49:00+00:00,2014-05-15 04:15:00+00:00,7.43333333333333
4917,KEYSTONE GAS PLANT,RN100238633,198387,EMISSIONS EVENT,2014-05-15 09:00:00+00:00,2014-05-15 11:17:00+00:00,2.28333333333333
4900,KEYSTONE GAS PLANT,RN100238633,198371,EMISSIONS EVENT,2014-05-15 14:28:00+00:00,2014-05-15 15:48:00+00:00,1.33333333333333
4948,KEYSTONE GAS PLANT,RN100238633,198421,EMISSIONS EVENT,2014-05-15 16:55:00+00:00,2014-05-16 12:00:00+00:00,19.0833333333333
4976,KEYSTONE GAS PLANT,RN100238633,198452,EMISSIONS EVENT,2014-05-16 13:18:00+00:00,2014-05-16 21:18:00+00:00,8.0
5072,KEYSTONE GAS PLANT,RN100238633,198532,EMISSIONS EVENT,2014-05-18 21:27:00+00:00,2014-05-19 02:47:00+00:00,5.33333333333333
5114,KEYSTONE GAS PLANT,RN100238633,198573,EMISSIONS EVENT,2014-05-19 18:57:00+00:00,2014-05-20 03:17:00+00:00,8.33333333333333
5163,KEYSTONE GAS PLANT,RN100238633,198634,EMISSIONS EVENT,2014-05-21 03:23:00+00:00,2014-05-21 05:57:00+00:00,2.56666666666667
5195,KEYSTONE GAS PLANT,RN100238633,198681,EMISSIONS EVENT,2014-05-21 16:54:00+00:00,2014-05-23 07:20:00+00:00,38.4333333333333
5194,KEYSTONE GAS PLANT,RN100238633,198680,EMISSIONS EVENT,2014-05-21 23:13:00+00:00,2014-05-22 03:47:00+00:00,4.56666666666667
5270,KEYSTONE GAS PLANT,RN100238633,198772,EMISSIONS EVENT,2014-05-24 15:30:00+00:00,2014-05-25 12:55:00+00:00,21.4166666666667
5376,KEYSTONE GAS PLANT,RN100238633,198880,EMISSIONS EVENT,2014-05-27 17:45:00+00:00,2014-05-27 23:52:00+00:00,6.11666666666667
5424,KEYSTONE GAS PLANT,RN100238633,198940,EMISSIONS EVENT,2014-05-28 21:30:00+00:00,2014-05-29 01:17:00+00:00,3.78333333333333
5492,KEYSTONE GAS PLANT,RN100238633,199030,EMISSIONS EVENT,2014-05-30 09:22:00+00:00,2014-05-30 19:50:00+00:00,10.4666666666667
5553,KEYSTONE GAS PLANT,RN100238633,199086,EMISSIONS EVENT,2014-06-01 20:35:00+00:00,2014-06-02 05:30:00+00:00,8.91666666666667
5558,KEYSTONE GAS PLANT,RN100238633,199089,EMISSIONS EVENT,2014-06-02 11:19:00+00:00,2014-06-02 11:54:00+00:00,0.583333333333333
5691,KEYSTONE GAS PLANT,RN100238633,199211,EMISSIONS EVENT,2014-06-02 20:35:00+00:00,2014-06-02 22:15:00+00:00,1.66666666666667
5699,KEYSTONE GAS PLANT,RN100238633,199216,EMISSIONS EVENT,2014-06-02 20:50:00+00:00,2014-06-05 00:25:00+00:00,51.5833333333333
5860,KEYSTONE GAS PLANT,RN100238633,199371,EMISSIONS EVENT,2014-06-05 16:45:00+00:00,2014-06-05 23:25:00+00:00,6.66666666666667
5865,KEYSTONE GAS PLANT,RN100238633,199375,EMISSIONS EVENT,2014-06-06 00:35:00+00:00,2014-06-06 06:55:00+00:00,6.33333333333333
5863,KEYSTONE GAS PLANT,RN100238633,199373,EMISSIONS EVENT,2014-06-06 03:40:00+00:00,2014-06-06 06:10:00+00:00,2.5
6082,KEYSTONE GAS PLANT,RN100238633,199549,EMISSIONS EVENT,2014-06-09 01:20:00+00:00,2014-06-09 05:55:00+00:00,4.58333333333333
6141,KEYSTONE GAS PLANT,RN100238633,199609,EMISSIONS EVENT,2014-06-09 18:45:00+00:00,2014-06-11 03:40:00+00:00,32.9166666666667
6296,KEYSTONE GAS PLANT,RN100238633,199764,EMISSIONS EVENT,2014-06-14 01:00:00+00:00,2014-06-14 14:45:00+00:00,13.75
6402,KEYSTONE GAS PLANT,RN100238633,199846,EMISSIONS EVENT,2014-06-16 04:20:00+00:00,2014-06-16 06:30:00+00:00,2.16666666666667
6452,KEYSTONE GAS PLANT,RN100238633,199903,EMISSIONS EVENT,2014-06-17 20:00:00+00:00,2014-06-17 21:30:00+00:00,1.5
6550,KEYSTONE GAS PLANT,RN100238633,199991,EMISSIONS EVENT,2014-06-18 13:55:00+00:00,2014-06-19 05:02:00+00:00,15.1166666666667
6602,KEYSTONE GAS PLANT,RN100238633,200043,EMISSIONS EVENT,2014-06-21 16:00:00+00:00,2014-06-22 04:00:00+00:00,12.0
6740,KEYSTONE GAS PLANT,RN100238633,200209,EMISSIONS EVENT,2014-06-24 06:50:00+00:00,2014-07-01 01:00:00+00:00,162.166666666667
6776,KEYSTONE GAS PLANT,RN100238633,200246,EMISSIONS EVENT,2014-06-25 18:40:00+00:00,2014-06-26 06:30:00+00:00,11.8333333333333
6835,KEYSTONE GAS PLANT,RN100238633,200298,EMISSIONS EVENT,2014-06-26 17:15:00+00:00,2014-06-26 23:55:00+00:00,6.66666666666667
6917,KEYSTONE GAS PLANT,RN100238633,200364,EMISSIONS EVENT,2014-06-28 19:00:00+00:00,2014-06-29 02:20:00+00:00,7.33333333333333
6996,KEYSTONE GAS PLANT,RN100238633,200453,EMISSIONS EVENT,2014-06-30 17:45:00+00:00,2014-07-01 02:10:00+00:00,8.41666666666667
7000,KEYSTONE GAS PLANT,RN100238633,200456,EMISSIONS EVENT,2014-06-30 19:55:00+00:00,2014-07-01 01:30:00+00:00,5.58333333333333
7119,KEYSTONE GAS PLANT,RN100238633,200563,EMISSIONS EVENT,2014-07-02 11:20:00+00:00,2014-07-02 23:30:00+00:00,12.1666666666667
7120,KEYSTONE GAS PLANT,RN100238633,200564,EMISSIONS EVENT,2014-07-02 14:00:00+00:00,2014-07-30 19:00:00+00:00,677.0
7213,KEYSTONE GAS PLANT,RN100238633,200646,EMISSIONS EVENT,2014-07-06 07:30:00+00:00,2014-07-06 12:10:00+00:00,4.66666666666667
7479,KEYSTONE GAS PLANT,RN100238633,200928,EMISSIONS EVENT,2014-07-12 18:00:00+00:00,2014-07-13 06:00:00+00:00,12.0
7501,KEYSTONE GAS PLANT,RN100238633,200975,EMISSIONS EVENT,2014-07-14 23:15:00+00:00,2014-07-15 00:25:00+00:00,1.16666666666667
7685,KEYSTONE GAS PLANT,RN100238633,201321,EMISSIONS EVENT,2014-07-22 07:00:00+00:00,2014-07-22 11:30:00+00:00,4.5
7814,KEYSTONE GAS PLANT,RN100238633,201537,EMISSIONS EVENT,2014-07-27 22:51:00+00:00,2014-07-28 00:54:00+00:00,2.05
7897,KEYSTONE GAS PLANT,RN100238633,201719,EMISSIONS EVENT,2014-07-30 19:30:00+00:00,2014-07-31 04:21:00+00:00,8.85
7900,KEYSTONE GAS PLANT,RN100238633,201723,EMISSIONS EVENT,2014-07-31 03:30:00+00:00,2014-08-29 09:50:00+00:00,702.333333333333
7952,KEYSTONE GAS PLANT,RN100238633,201820,EMISSIONS EVENT,2014-08-03 03:21:00+00:00,2014-08-04 02:05:00+00:00,22.7333333333333
7998,KEYSTONE GAS PLANT,RN100238633,201912,EMISSIONS EVENT,2014-08-05 19:55:00+00:00,2014-08-06 02:35:00+00:00,6.66666666666667
8064,KEYSTONE GAS PLANT,RN100238633,202058,EMISSIONS EVENT,2014-08-07 10:45:00+00:00,2014-08-07 20:20:00+00:00,9.58333333333333
8071,KEYSTONE GAS PLANT,RN100238633,202070,EMISSIONS EVENT,2014-08-08 22:15:00+00:00,2014-08-09 01:15:00+00:00,3.0
8102,KEYSTONE GAS PLANT,RN100238633,202118,EMISSIONS EVENT,2014-08-10 19:15:00+00:00,2014-08-11 01:35:00+00:00,6.33333333333333
8117,KEYSTONE GAS PLANT,RN100238633,202144,EMISSIONS EVENT,2014-08-11 17:30:00+00:00,2014-08-12 00:00:00+00:00,6.5
8294,KEYSTONE GAS PLANT,RN100238633,202518,EMISSIONS EVENT,2014-08-18 22:55:00+00:00,2014-08-20 01:51:00+00:00,26.9333333333333
8509,KEYSTONE GAS PLANT,RN100238633,202976,EMISSIONS EVENT,2014-08-30 11:00:00+00:00,2014-08-30 16:06:00+00:00,5.1
8518,KEYSTONE GAS PLANT,RN100238633,202987,EMISSIONS EVENT,2014-08-31 21:00:00+00:00,2014-10-09 19:36:00+00:00,934.6
8568,KEYSTONE GAS PLANT,RN100238633,203106,EMISSIONS EVENT,2014-09-03 17:35:00+00:00,2014-09-03 21:30:00+00:00,3.91666666666667
8616,KEYSTONE GAS PLANT,RN100238633,203219,MAINTENANCE,2014-09-14 05:00:00+00:00,2014-09-17 21:36:00+00:00,88.6
8945,KEYSTONE GAS PLANT,RN100238633,203888,EMISSIONS EVENT,2014-09-21 07:00:00+00:00,2014-09-21 10:40:00+00:00,3.66666666666667
8955,KEYSTONE GAS PLANT,RN100238633,203907,EMISSIONS EVENT,2014-09-21 21:00:00+00:00,2014-09-22 01:15:00+00:00,4.25
9013,KEYSTONE GAS PLANT,RN100238633,204041,EMISSIONS EVENT,2014-09-22 21:00:00+00:00,2014-09-23 01:15:00+00:00,4.25
9029,KEYSTONE GAS PLANT,RN100238633,204078,EMISSIONS EVENT,2014-09-23 15:00:00+00:00,2014-09-23 21:00:00+00:00,6.0
9087,KEYSTONE GAS PLANT,RN100238633,204213,EMISSIONS EVENT,2014-09-25 21:30:00+00:00,2014-09-26 00:00:00+00:00,2.5
9247,KEYSTONE GAS PLANT,RN100238633,204570,MAINTENANCE,2014-10-07 05:00:00+00:00,2014-10-10 05:00:00+00:00,72.0
9414,KEYSTONE GAS PLANT,RN100238633,204948,EMISSIONS EVENT,2014-10-09 17:52:00+00:00,2014-10-09 22:52:00+00:00,5.0
9422,KEYSTONE GAS PLANT,RN100238633,204976,EMISSIONS EVENT,2014-10-10 18:00:00+00:00,2014-10-11 01:45:00+00:00,7.75
9466,KEYSTONE GAS PLANT,RN100238633,205069,EMISSIONS EVENT,2014-10-13 16:30:00+00:00,2014-10-13 19:45:00+00:00,3.25
9564,KEYSTONE GAS PLANT,RN100238633,205253,EMISSIONS EVENT,2014-10-16 10:36:00+00:00,2014-10-17 15:45:00+00:00,29.15
9598,KEYSTONE GAS PLANT,RN100238633,205326,EMISSIONS EVENT,2014-10-17 23:30:00+00:00,2014-10-19 03:15:00+00:00,27.75
9675,KEYSTONE GAS PLANT,RN100238633,205390,EMISSIONS EVENT,2014-10-20 11:30:00+00:00,2014-10-20 16:35:00+00:00,5.08333333333333
9775,KEYSTONE GAS PLANT,RN100238633,205508,EMISSIONS EVENT,2014-10-22 14:54:00+00:00,2014-10-22 16:37:00+00:00,1.71666666666667
10275,KEYSTONE GAS PLANT,RN100238633,205958,EMISSIONS EVENT,2014-11-01 21:35:00+00:00,2014-11-02 03:20:00+00:00,5.75
10345,KEYSTONE GAS PLANT,RN100238633,206038,EMISSIONS EVENT,2014-11-03 10:09:00+00:00,2014-11-04 10:00:00+00:00,23.85
10350,KEYSTONE GAS PLANT,RN100238633,206042,EMISSIONS EVENT,2014-11-04 09:30:00+00:00,2014-11-05 09:30:00+00:00,24.0
46864,KEYSTONE GAS PLANT,RN100238633,206343,EMISSIONS EVENT,2014-11-12 13:40:00+00:00,2014-11-12 22:25:00+00:00,8.75
46865,KEYSTONE GAS PLANT,RN100238633,206344,EMISSIONS EVENT,2014-11-12 17:40:00+00:00,2014-11-13 18:45:00+00:00,25.0833333333333
46932,KEYSTONE GAS PLANT,RN100238633,206456,EMISSIONS EVENT,2014-11-15 00:35:00+00:00,2014-11-15 02:05:00+00:00,1.5
46940,KEYSTONE GAS PLANT,RN100238633,206464,EMISSIONS EVENT,2014-11-15 05:30:00+00:00,2014-11-15 21:30:00+00:00,16.0
46943,KEYSTONE GAS PLANT,RN100238633,206467,EMISSIONS EVENT,2014-11-15 18:05:00+00:00,2014-11-16 01:40:00+00:00,7.58333333333333
46979,KEYSTONE GAS PLANT,RN100238633,206526,EMISSIONS EVENT,2014-11-17 10:00:00+00:00,2014-11-18 04:50:00+00:00,18.8333333333333
47021,KEYSTONE GAS PLANT,RN100238633,206632,EMISSIONS EVENT,2014-11-19 12:00:00+00:00,2014-11-20 12:00:00+00:00,24.0
47051,KEYSTONE GAS PLANT,RN100238633,206687,EMISSIONS EVENT,2014-11-20 17:35:00+00:00,2014-11-20 18:35:00+00:00,1.0
47070,KEYSTONE GAS PLANT,RN100238633,206720,EMISSIONS EVENT,2014-11-21 20:45:00+00:00,2014-11-21 22:45:00+00:00,2.0
47108,KEYSTONE GAS PLANT,RN100238633,206791,EMISSIONS EVENT,2014-11-24 17:05:00+00:00,2014-11-24 23:00:00+00:00,5.91666666666667
47140,KEYSTONE GAS PLANT,RN100238633,206857,EMISSIONS EVENT,2014-11-28 23:10:00+00:00,2014-11-29 11:20:00+00:00,12.1666666666667
47222,KEYSTONE GAS PLANT,RN100238633,207032,EMISSIONS EVENT,2014-12-02 14:45:00+00:00,2014-12-02 18:45:00+00:00,4.0
47221,KEYSTONE GAS PLANT,RN100238633,207031,EMISSIONS EVENT,2014-12-02 16:40:00+00:00,2014-12-02 23:38:00+00:00,6.96666666666667
47255,KEYSTONE GAS PLANT,RN100238633,207114,EMISSIONS EVENT,2014-12-04 07:30:00+00:00,2014-12-04 19:45:00+00:00,12.25
47345,KEYSTONE GAS PLANT,RN100238633,207317,EMISSIONS EVENT,2014-12-10 00:40:00+00:00,2014-12-10 02:45:00+00:00,2.08333333333333
47365,KEYSTONE GAS PLANT,RN100238633,207360,EMISSIONS EVENT,2014-12-11 03:00:00+00:00,2014-12-12 05:35:00+00:00,26.5833333333333
47366,KEYSTONE GAS PLANT,RN100238633,207362,EMISSIONS EVENT,2014-12-11 11:00:00+00:00,2014-12-11 21:30:00+00:00,10.5
47385,KEYSTONE GAS PLANT,RN100238633,207405,EMISSIONS EVENT,2014-12-12 10:35:00+00:00,2014-12-13 10:35:00+00:00,24.0
47386,KEYSTONE GAS PLANT,RN100238633,207406,EMISSIONS EVENT,2014-12-12 15:00:00+00:00,2014-12-12 20:23:00+00:00,5.38333333333333
47579,KEYSTONE GAS PLANT,RN100238633,207798,EMISSIONS EVENT,2014-12-24 16:30:00+00:00,2014-12-24 20:40:00+00:00,4.16666666666667
47773,KEYSTONE GAS PLANT,RN100238633,208046,EMISSIONS EVENT,2015-01-04 10:05:00+00:00,2015-01-05 10:05:00+00:00,24.0
47896,KEYSTONE GAS PLANT,RN100238633,208285,EMISSIONS EVENT,2015-01-08 18:20:00+00:00,2015-01-08 20:00:00+00:00,1.66666666666667
47897,KEYSTONE GAS PLANT,RN100238633,208286,EMISSIONS EVENT,2015-01-09 00:14:00+00:00,2015-01-09 05:04:00+00:00,4.83333333333333
56771,KEYSTONE GAS PLANT,RN100238633,225673,EMISSIONS EVENT,2015-01-09 13:15:00+00:00,2015-01-13 03:30:00+00:00,86.25
47971,KEYSTONE GAS PLANT,RN100238633,208404,EMISSIONS EVENT,2015-01-11 22:30:00+00:00,2015-01-12 00:10:00+00:00,1.66666666666667
48028,KEYSTONE GAS PLANT,RN100238633,208536,EMISSIONS EVENT,2015-01-14 00:30:00+00:00,2015-01-14 09:15:00+00:00,8.75
48054,KEYSTONE GAS PLANT,RN100238633,208577,EMISSIONS EVENT,2015-01-14 14:12:00+00:00,2015-01-14 21:00:00+00:00,6.8
48254,KEYSTONE GAS PLANT,RN100238633,208824,EMISSIONS EVENT,2015-01-16 10:30:00+00:00,2015-01-17 10:30:00+00:00,24.0
48689,KEYSTONE GAS PLANT,RN100238633,209704,EMISSIONS EVENT,2015-02-03 09:00:00+00:00,2015-02-04 09:00:00+00:00,24.0
48870,KEYSTONE GAS PLANT,RN100238633,210146,EMISSIONS EVENT,2015-02-15 14:35:00+00:00,2015-02-15 19:08:00+00:00,4.55
49087,KEYSTONE GAS PLANT,RN100238633,210547,EMISSIONS EVENT,2015-02-23 05:25:00+00:00,2015-02-23 10:35:00+00:00,5.16666666666667
49088,KEYSTONE GAS PLANT,RN100238633,210548,EMISSIONS EVENT,2015-02-23 11:10:00+00:00,2015-02-24 11:10:00+00:00,24.0
49129,KEYSTONE GAS PLANT,RN100238633,210630,EMISSIONS EVENT,2015-02-25 01:45:00+00:00,2015-02-25 06:36:00+00:00,4.85
49132,KEYSTONE GAS PLANT,RN100238633,210635,EMISSIONS EVENT,2015-02-25 14:30:00+00:00,2015-02-25 19:20:00+00:00,4.83333333333333
49164,KEYSTONE GAS PLANT,RN100238633,210704,EMISSIONS EVENT,2015-02-26 15:45:00+00:00,2015-02-27 00:22:00+00:00,8.61666666666667
49181,KEYSTONE GAS PLANT,RN100238633,210739,EMISSIONS EVENT,2015-02-27 02:10:00+00:00,2015-02-28 02:10:00+00:00,24.0
49202,KEYSTONE GAS PLANT,RN100238633,210763,EMISSIONS EVENT,2015-02-28 18:45:00+00:00,2015-03-01 18:45:00+00:00,24.0
49567,KEYSTONE GAS PLANT,RN100238633,211531,EMISSIONS EVENT,2015-03-18 10:00:00+00:00,2015-03-18 19:45:00+00:00,9.75
49619,KEYSTONE GAS PLANT,RN100238633,211667,EMISSIONS EVENT,2015-03-22 23:00:00+00:00,2015-03-23 23:00:00+00:00,24.0
49729,KEYSTONE GAS PLANT,RN100238633,211942,EMISSIONS EVENT,2015-03-27 21:30:00+00:00,2015-03-28 21:30:00+00:00,24.0
49741,KEYSTONE GAS PLANT,RN100238633,211959,EMISSIONS EVENT,2015-03-29 15:21:00+00:00,2015-03-29 23:21:00+00:00,8.0
50136,KEYSTONE GAS PLANT,RN100238633,212802,EMISSIONS EVENT,2015-04-17 05:30:00+00:00,2015-04-17 09:30:00+00:00,4.0
50268,KEYSTONE GAS PLANT,RN100238633,213066,EMISSIONS EVENT,2015-04-22 20:07:00+00:00,2015-04-23 20:07:00+00:00,24.0
50290,KEYSTONE GAS PLANT,RN100238633,213111,EMISSIONS EVENT,2015-04-23 17:50:00+00:00,2015-04-24 17:50:00+00:00,24.0
51885,KEYSTONE GAS PLANT,RN100238633,216097,EMISSIONS EVENT,2015-05-19 19:05:00+00:00,2015-05-20 02:50:00+00:00,7.75
51141,KEYSTONE GAS PLANT,RN100238633,214637,EMISSIONS EVENT,2015-05-25 05:00:00+00:00,2015-05-25 16:05:00+00:00,11.0833333333333
51315,KEYSTONE GAS PLANT,RN100238633,214912,EMISSIONS EVENT,2015-05-29 19:00:00+00:00,2015-05-30 05:30:00+00:00,10.5
51361,KEYSTONE GAS PLANT,RN100238633,215063,EMISSIONS EVENT,2015-05-31 10:45:00+00:00,2015-06-08 11:32:00+00:00,192.783333333333
51544,KEYSTONE GAS PLANT,RN100238633,215470,EMISSIONS EVENT,2015-06-08 19:30:00+00:00,2015-06-09 05:30:00+00:00,10.0
52013,KEYSTONE GAS PLANT,RN100238633,216347,EMISSIONS EVENT,2015-06-24 16:45:00+00:00,2015-06-24 18:50:00+00:00,2.08333333333333
52102,KEYSTONE GAS PLANT,RN100238633,216495,EMISSIONS EVENT,2015-06-28 10:00:00+00:00,2015-07-01 20:00:00+00:00,82.0
52316,KEYSTONE GAS PLANT,RN100238633,216909,EMISSIONS EVENT,2015-07-05 22:30:00+00:00,2015-07-05 23:45:00+00:00,1.25
52318,KEYSTONE GAS PLANT,RN100238633,216913,EMISSIONS EVENT,2015-07-06 21:00:00+00:00,2015-07-07 21:20:00+00:00,24.3333333333333
52386,KEYSTONE GAS PLANT,RN100238633,217052,EMISSIONS EVENT,2015-07-09 22:40:00+00:00,2015-07-10 22:00:00+00:00,23.3333333333333
52576,KEYSTONE GAS PLANT,RN100238633,217449,EMISSIONS EVENT,2015-07-18 10:00:00+00:00,2015-07-19 05:00:00+00:00,19.0
52657,KEYSTONE GAS PLANT,RN100238633,217630,EMISSIONS EVENT,2015-07-19 20:40:00+00:00,2015-08-01 03:45:00+00:00,295.083333333333
52696,KEYSTONE GAS PLANT,RN100238633,217750,EMISSIONS EVENT,2015-07-23 22:05:00+00:00,2015-07-24 04:00:00+00:00,5.91666666666667
52985,KEYSTONE GAS PLANT,RN100238633,218374,EMISSIONS EVENT,2015-08-05 19:36:00+00:00,2015-08-06 03:21:00+00:00,7.75
53011,KEYSTONE GAS PLANT,RN100238633,218426,EMISSIONS EVENT,2015-08-07 07:25:00+00:00,2015-08-11 01:00:00+00:00,89.5833333333333
53081,KEYSTONE GAS PLANT,RN100238633,218577,EMISSIONS EVENT,2015-08-11 04:00:00+00:00,2015-08-11 21:00:00+00:00,17.0
53119,KEYSTONE GAS PLANT,RN100238633,218651,EMISSIONS EVENT,2015-08-11 07:40:00+00:00,2015-08-11 19:00:00+00:00,11.3333333333333
53204,KEYSTONE GAS PLANT,RN100238633,218778,EMISSIONS EVENT,2015-08-13 12:00:00+00:00,2015-08-13 21:00:00+00:00,9.0
53215,KEYSTONE GAS PLANT,RN100238633,218792,EMISSIONS EVENT,2015-08-14 01:46:00+00:00,2015-08-14 03:46:00+00:00,2.0
53279,KEYSTONE GAS PLANT,RN100238633,218876,EMISSIONS EVENT,2015-08-15 11:00:00+00:00,2015-11-06 13:00:00+00:00,1994.0
53361,KEYSTONE GAS PLANT,RN100238633,219013,EMISSIONS EVENT,2015-08-18 08:50:00+00:00,2015-08-18 16:10:00+00:00,7.33333333333333
53440,KEYSTONE GAS PLANT,RN100238633,219170,EMISSIONS EVENT,2015-08-23 19:00:00+00:00,2015-08-25 14:00:00+00:00,43.0
53644,KEYSTONE GAS PLANT,RN100238633,219529,EMISSIONS EVENT,2015-08-29 15:36:00+00:00,2015-08-29 22:09:00+00:00,6.55
53803,KEYSTONE GAS PLANT,RN100238633,219823,EMISSIONS EVENT,2015-09-04 18:51:00+00:00,2015-09-13 14:12:00+00:00,211.35
53879,KEYSTONE GAS PLANT,RN100238633,219983,EMISSIONS EVENT,2015-09-10 13:30:00+00:00,2015-09-10 18:00:00+00:00,4.5
53953,KEYSTONE GAS PLANT,RN100238633,220129,EMISSIONS EVENT,2015-09-13 20:36:00+00:00,2015-09-14 04:30:00+00:00,7.9
54001,KEYSTONE GAS PLANT,RN100238633,220240,EMISSIONS EVENT,2015-09-15 20:06:00+00:00,2015-09-17 17:42:00+00:00,45.6
54429,KEYSTONE GAS PLANT,RN100238633,221023,EMISSIONS EVENT,2015-10-02 00:51:00+00:00,2015-10-02 04:51:00+00:00,4.0
54610,KEYSTONE GAS PLANT,RN100238633,221375,EMISSIONS EVENT,2015-10-08 04:00:00+00:00,2015-10-08 13:30:00+00:00,9.5
54916,KEYSTONE GAS PLANT,RN100238633,222028,EMISSIONS EVENT,2015-10-22 17:25:00+00:00,2015-10-23 01:50:00+00:00,8.41666666666667
54955,KEYSTONE GAS PLANT,RN100238633,222093,EMISSIONS EVENT,2015-10-23 23:30:00+00:00,2015-10-24 04:10:00+00:00,4.66666666666667
55274,KEYSTONE GAS PLANT,RN100238633,222749,EMISSIONS EVENT,2015-11-06 20:00:00+00:00,2015-11-06 20:40:00+00:00,0.666666666666667
55465,KEYSTONE GAS PLANT,RN100238633,223141,EMISSIONS EVENT,2015-11-18 00:30:00+00:00,2015-11-18 13:30:00+00:00,13.0
55541,KEYSTONE GAS PLANT,RN100238633,223297,EMISSIONS EVENT,2015-11-20 13:15:00+00:00,2015-11-21 15:20:00+00:00,26.0833333333333
55637,KEYSTONE GAS PLANT,RN100238633,223476,EMISSIONS EVENT,2015-11-27 06:10:00+00:00,2015-11-27 21:10:00+00:00,15.0
55977,KEYSTONE GAS PLANT,RN100238633,224194,EMISSIONS EVENT,2015-12-10 18:10:00+00:00,2015-12-14 03:10:00+00:00,81.0
56207,KEYSTONE GAS PLANT,RN100238633,224643,EMISSIONS EVENT,2015-12-17 14:50:00+00:00,2015-12-18 16:30:00+00:00,25.6666666666667
56255,KEYSTONE GAS PLANT,RN100238633,224712,EMISSIONS EVENT,2015-12-19 11:00:00+00:00,2015-12-19 23:00:00+00:00,12.0
56270,KEYSTONE GAS PLANT,RN100238633,224727,EMISSIONS EVENT,2015-12-20 11:45:00+00:00,2015-12-20 17:36:00+00:00,5.85
56362,KEYSTONE GAS PLANT,RN100238633,224902,EMISSIONS EVENT,2015-12-22 13:45:00+00:00,2016-01-07 20:15:00+00:00,390.5
56368,KEYSTONE GAS PLANT,RN100238633,224918,EMISSIONS EVENT,2015-12-22 23:05:00+00:00,2015-12-23 18:36:00+00:00,19.5166666666667
56390,KEYSTONE GAS PLANT,RN100238633,224955,EMISSIONS EVENT,2015-12-25 02:35:00+00:00,2015-12-25 03:04:00+00:00,0.483333333333333
56406,KEYSTONE GAS PLANT,RN100238633,224971,EMISSIONS EVENT,2015-12-26 14:55:00+00:00,2015-12-27 04:30:00+00:00,13.5833333333333
56433,KEYSTONE GAS PLANT,RN100238633,225007,EMISSIONS EVENT,2015-12-27 23:05:00+00:00,2015-12-29 00:05:00+00:00,25.0
56558,KEYSTONE GAS PLANT,RN100238633,225226,EMISSIONS EVENT,2016-01-02 13:05:00+00:00,2016-01-02 20:50:00+00:00,7.75
56887,KEYSTONE GAS PLANT,RN100238633,225980,EMISSIONS EVENT,2016-01-14 01:20:00+00:00,2016-01-18 23:25:00+00:00,118.083333333333
57049,KEYSTONE GAS PLANT,RN100238633,226275,EMISSIONS EVENT,2016-01-20 23:20:00+00:00,2016-01-21 15:00:00+00:00,15.6666666666667
57481,KEYSTONE GAS PLANT,RN100238633,227133,EMISSIONS EVENT,2016-02-03 10:15:00+00:00,2016-02-05 10:50:00+00:00,48.5833333333333
57480,KEYSTONE GAS PLANT,RN100238633,227132,EMISSIONS EVENT,2016-02-03 15:30:00+00:00,2016-02-11 06:00:00+00:00,182.5
57453,KEYSTONE GAS PLANT,RN100238633,227078,MAINTENANCE,2016-02-11 12:00:00+00:00,2016-02-20 00:00:00+00:00,204.0
57912,KEYSTONE GAS PLANT,RN100238633,228164,EMISSIONS EVENT,2016-02-23 06:30:00+00:00,2016-02-23 15:30:00+00:00,9.0
57969,KEYSTONE GAS PLANT,RN100238633,228305,EMISSIONS EVENT,2016-02-25 01:45:00+00:00,2016-02-26 08:45:00+00:00,31.0
58064,KEYSTONE GAS PLANT,RN100238633,228460,EMISSIONS EVENT,2016-02-27 01:15:00+00:00,2016-02-28 06:05:00+00:00,28.8333333333333
58083,KEYSTONE GAS PLANT,RN100238633,228490,EMISSIONS EVENT,2016-03-01 10:30:00+00:00,2016-03-01 17:20:00+00:00,6.83333333333333
58165,KEYSTONE GAS PLANT,RN100238633,228629,EMISSIONS EVENT,2016-03-02 12:00:00+00:00,2016-03-03 00:40:00+00:00,12.6666666666667
58515,KEYSTONE GAS PLANT,RN100238633,229334,EMISSIONS EVENT,2016-03-17 12:20:00+00:00,2016-03-17 23:20:00+00:00,11.0
58642,KEYSTONE GAS PLANT,RN100238633,229562,EMISSIONS EVENT,2016-03-23 10:36:00+00:00,2016-03-25 11:30:00+00:00,48.9
59233,KEYSTONE GAS PLANT,RN100238633,230519,EMISSIONS EVENT,2016-04-02 00:05:00+00:00,2016-04-09 18:00:00+00:00,185.916666666667
60044,KEYSTONE GAS PLANT,RN100238633,232017,EMISSIONS EVENT,2016-04-24 17:25:00+00:00,2016-04-29 07:10:00+00:00,109.75
60260,KEYSTONE GAS PLANT,RN100238633,232409,EMISSIONS EVENT,2016-04-29 08:50:00+00:00,2016-04-29 19:45:00+00:00,10.9166666666667
60293,KEYSTONE GAS PLANT,RN100238633,232454,EMISSIONS EVENT,2016-04-29 21:05:00+00:00,2016-05-03 00:05:00+00:00,75.0
60382,KEYSTONE GAS PLANT,RN100238633,232598,EMISSIONS EVENT,2016-05-02 23:15:00+00:00,2016-05-11 20:50:00+00:00,213.583333333333
60674,KEYSTONE GAS PLANT,RN100238633,233216,EMISSIONS EVENT,2016-05-14 14:10:00+00:00,2016-05-14 19:55:00+00:00,5.75
60678,KEYSTONE GAS PLANT,RN100238633,233221,EMISSIONS EVENT,2016-05-15 13:50:00+00:00,2016-05-16 21:50:00+00:00,32.0
60987,KEYSTONE GAS PLANT,RN100238633,233811,EMISSIONS EVENT,2016-05-24 17:35:00+00:00,2016-05-25 02:20:00+00:00,8.75
61373,KEYSTONE GAS PLANT,RN100238633,234433,EMISSIONS EVENT,2016-06-02 00:30:00+00:00,2016-06-02 21:00:00+00:00,20.5
